name,type,location,feelings,ailments,url,image,flavor,thc,cbd
707 Headband,Sativa,"California, U.S.","Creative, Euphoric, Happy, Motivated","ADHD, Arthritis, Asthma, Back Pain, Fibromyalgia, Headaches, Migraines, Muscle Spasms, Multiple Sclerosis, Nausea, Neck Pain",https://www.marijuana.com/strains/707-headband/,https://3x5avq3qvxq63ruylvcz1y12-wpengine.netdna-ssl.com/wp-content/uploads/2014/05/707_headband_strain_review-351x185.jpg,Pine,69,44
9 LB Hammer,Indica,Washington,"Happy, Relaxed, Sleepy","Back Pain, Insomnia, Neck Pain, PTSD",https://www.marijuana.com/strains/9-lb-hammer/,https://3x5avq3qvxq63ruylvcz1y12-wpengine.netdna-ssl.com/wp-content/uploads/2016/02/9lbhammer_5039-351x185.jpg,Citrus,62,70
Abusive OG,Indica,Unknown,"Anxious, Aroused, Sleepy","HIV, Nausea, RLS",https://www.marijuana.com/strains/abusive-og/,https://3x5avq3qvxq63ruylvcz1y12-wpengine.netdna-ssl.com/wp-content/uploads/2014/05/abusive-351x185.jpg,"Earthy, Sweet",89,22
Acapulco Gold,Sativa, Mexico,"Hungry, Lazy, Sleepy",Appetite,https://www.marijuana.com/strains/acapulco-gold/,https://3x5avq3qvxq63ruylvcz1y12-wpengine.netdna-ssl.com/wp-content/uploads/2014/04/acapulco-image-351x185.jpg,"Earthy, Sweet, Berry",85,34
Ace of Spades,Indica,"Pacific Northwest, U.S.","Creative, Happy, Inspired, Relaxed","Anxiety, Back Pain, Headaches, Migraines, Muscle Spasms, Neck Pain, PTSD",https://www.marijuana.com/strains/ace-of-spades/,https://3x5avq3qvxq63ruylvcz1y12-wpengine.netdna-ssl.com/wp-content/uploads/2016/07/ace-of-spades_3393_2_-351x185.jpg,"Earthy, Berry",28,9
Afghan Goo,Indica,Unknown,"Euphoric, Happy, Relaxed","Anxiety, Arthritis, Depression",https://www.marijuana.com/strains/afghan-goo/,https://3x5avq3qvxq63ruylvcz1y12-wpengine.netdna-ssl.com/wp-content/uploads/2014/05/1346265811812open_uri20110724_4713_ofb6o5_jpg_leader-351x185.jpg,"Sweet, Vanilla",98,41
Afghan Haze,Hybrid, Afghanistan,"Happy, Hungry, Inspired","Anxiety, Appetite, Depression",https://www.marijuana.com/strains/afghan-hazes/,https://3x5avq3qvxq63ruylvcz1y12-wpengine.netdna-ssl.com/wp-content/uploads/2014/06/Screen-Shot-2014-06-05-at-4.59.45-PM-351x185.png,Earthy,26,88
Afghan Kush,Indica,Unknown,"Euphoric, Happy, Hungry, Lazy, Relaxed, Sleepy","ADHD, Anxiety, Appetite, Insomnia",https://www.marijuana.com/strains/afghan-kush/,https://3x5avq3qvxq63ruylvcz1y12-wpengine.netdna-ssl.com/wp-content/uploads/2014/05/1346266185712open_uri20111028_11987_ku1dn5_jpg_leader-351x185.jpg,Earthy,9,80
Afghan Skunk,Indica,Unknown,"Creative, Energetic","ADHD, Cachexia, PTSD",https://www.marijuana.com/strains/afghan-skunk/,https://3x5avq3qvxq63ruylvcz1y12-wpengine.netdna-ssl.com/wp-content/uploads/2014/05/afghan-skunk-351x185.jpg,"Earthy, Pepper",57,35
Afgooey,Indica,Unknown,"Euphoric, Inspired, Relaxed, Sleepy","Anxiety, Arthritis, Back Pain, Glaucoma, Headaches, Insomnia, Neck Pain",https://www.marijuana.com/strains/afgooey/,https://3x5avq3qvxq63ruylvcz1y12-wpengine.netdna-ssl.com/wp-content/uploads/2014/05/1346266593085open_uri20110716_19794_1om5iko_jpg_leader-351x185.jpg,"Sweet, Earthy",52,18
Afwreck,Hybrid,Unknown,"Alert, Attentive, Creative, Euphoric, Inspired","ADHD, Anxiety",https://www.marijuana.com/strains/afwreck/,https://3x5avq3qvxq63ruylvcz1y12-wpengine.netdna-ssl.com/wp-content/uploads/2014/05/1346266783496open_uri20110823_31806_6kk27n_jpg_leader-351x185.jpg,"Earthy, Pine",20,24
Agent Orange,Hybrid,Unknown,"Anxious, Giggly, Lazy","Back Pain, Migraines, Seizures",https://www.marijuana.com/strains/agent-orange/,https://3x5avq3qvxq63ruylvcz1y12-wpengine.netdna-ssl.com/wp-content/uploads/2014/05/agent-orange-351x185.jpg,Earthy,82,26
AK-47,Sativa,Unknown,"Creative, Energetic, Euphoric, Hungry, Sociable","Arthritis, Back Pain, Depression, Headaches, Insomnia, Nausea, Neck Pain",https://www.marijuana.com/strains/ak-47/,https://3x5avq3qvxq63ruylvcz1y12-wpengine.netdna-ssl.com/wp-content/uploads/2014/05/134611652172000000000_0000_0000_0000_00000000064D_jpeg_leader-351x185.jpeg,"Earthy, Citrus",60,16
AK-48,Indica,Unknown,"Hungry, Relaxed","Anxiety, Appetite",https://www.marijuana.com/strains/ak-48/,https://3x5avq3qvxq63ruylvcz1y12-wpengine.netdna-ssl.com/wp-content/uploads/2014/05/1346122395041open_uri20110809_28216_uafvl6_leader-351x185.jpg,"Earthy, Sweet, Berry",8,50
Alaskan Thunderfuck,Hybrid,Unkown,"Attentive, Creative, Hungry, Motivated, Relaxed","ADD, ADHD, Back Pain, Neck Pain",https://www.marijuana.com/strains/alaskan-thunderfuck/,https://3x5avq3qvxq63ruylvcz1y12-wpengine.netdna-ssl.com/wp-content/uploads/2014/04/1346123051173open_uri20110716_19794_1krab7v_jpeg_leader-351x185.jpeg,"Sweet, Pine, Earthy",7,82
Albert Walker,Hybrid,"Pudget Sound, Washington","Euphoric, Giggly, Happy","Appetite, Epilepsy, Neck Pain",https://www.marijuana.com/strains/albert-walker/,https://3x5avq3qvxq63ruylvcz1y12-wpengine.netdna-ssl.com/wp-content/uploads/2014/06/albert-walker-351x185.jpg,"Sweet, Lemon, Lime",40,43
Alien OG,Hybrid,Unknown,"Aroused, Attentive, Energetic, Happy, Relaxed","Arthritis, Back Pain, Muscle Spasms, Multiple Sclerosis, Neck Pain",https://www.marijuana.com/strains/alien-og/,https://3x5avq3qvxq63ruylvcz1y12-wpengine.netdna-ssl.com/wp-content/uploads/2014/04/1346267135033Image47_jpg_leader-351x185.jpg,Earthy,84,36
Amnesia Haze,Sativa,Unknown,"Anxious, Energetic, Euphoric","Cachexia, Headaches",https://www.marijuana.com/strains/amnesia-haze/,https://3x5avq3qvxq63ruylvcz1y12-wpengine.netdna-ssl.com/wp-content/uploads/2014/05/amnesia-haze-351x185.jpg,"Citrus, Lemon, Earthy",85,53
Apollo 13,Indica,Unknown,"Aroused, Inspired, Motivated","Cachexia, Psychosis",https://www.marijuana.com/strains/apollo-13/,https://3x5avq3qvxq63ruylvcz1y12-wpengine.netdna-ssl.com/wp-content/uploads/2014/05/apollo-13-cover-351x185.jpeg,"Earthy, Pine",98,87
Atomic Northern Lights,Indica,Holland,"Happy, Relaxed, Sleepy","Anxiety, Back Pain, Epilepsy, Muscle Spasms, Multiple Sclerosis, Neck Pain, Seizures",https://www.marijuana.com/strains/atomic-northern-lights/,https://3x5avq3qvxq63ruylvcz1y12-wpengine.netdna-ssl.com/wp-content/uploads/2016/07/Northern-Lights-4-1024x682-351x185.jpg,"Earthy, Pepper",62,75
Atomical Haze,Hybrid,India,"Alert, Aroused, Creative, Energetic, Euphoric, Giggly, Happy, Inspired","ADD, Back Pain, Depression",https://www.marijuana.com/strains/atomical-haze/,https://3x5avq3qvxq63ruylvcz1y12-wpengine.netdna-ssl.com/wp-content/uploads/2016/06/Atomic-Haze-Bud-351x185.jpg,"Citrus, Sweet",71,68
Banana Kush,Indica,Unknown,"Hungry, Lazy, Relaxed, Sleepy","Anxiety, Appetite, Back Pain, Muscle Spasms, Neck Pain",https://www.marijuana.com/strains/banana-kush/,https://3x5avq3qvxq63ruylvcz1y12-wpengine.netdna-ssl.com/wp-content/uploads/2014/05/1346123587066open_uri20110716_19794_8kaoik_jpeg_leader-351x185.jpeg,"Earthy, Sweet, Skunk",98,58
Berry White,Hybrid,Washington,"Creative, Energetic, Happy, Relaxed, Sociable","Back Pain, Depression, Headaches, Insomnia, Nausea, Neck Pain",https://www.marijuana.com/strains/berry-white-2/,https://3x5avq3qvxq63ruylvcz1y12-wpengine.netdna-ssl.com/wp-content/uploads/2016/02/berrywhite_51171-351x185.jpg,"Pine, Skunk",3,99
Big Bud,Indica,Unknown,"Happy, Inspired, Sleepy",Nausea,https://www.marijuana.com/strains/big-bud/,https://3x5avq3qvxq63ruylvcz1y12-wpengine.netdna-ssl.com/wp-content/uploads/2014/05/1346123753880big_bud_web_jpeg_leader-351x185.jpeg,"Earthy, Sweet",33,53
Big Wreck,Hybrid,Unknown,"Alert, Attentive, Creative, Energetic, Euphoric, Lazy","Insomnia, Nausea",https://www.marijuana.com/strains/big-wreck/,https://3x5avq3qvxq63ruylvcz1y12-wpengine.netdna-ssl.com/wp-content/uploads/2014/05/1346267631416open_uri20110827_21713_10ukolh_jpg_leader-351x185.jpg,Berry,15,30
Bio Diesel,Hybrid,Unknown,"Anxious, Creative, Motivated","ADD, ADHD, Epilepsy",https://www.marijuana.com/strains/bio-diesel/,https://3x5avq3qvxq63ruylvcz1y12-wpengine.netdna-ssl.com/wp-content/uploads/2014/05/bio-diesel-351x185.jpeg,"Sweet, Skunk",54,81
Black Beauty,Indica,Northern California,"Alert, Creative, Energetic, Relaxed, Sociable","Appetite, PTSD",https://www.marijuana.com/strains/black-beauty/,https://3x5avq3qvxq63ruylvcz1y12-wpengine.netdna-ssl.com/wp-content/uploads/2017/01/blackbeauty-3-351x185.jpg,Citrus,24,86
Black Cherry Soda,Sativa,Pacific Northwest,"Energetic, Inspired, Sociable","Anxiety, Back Pain, Headaches, Insomnia, Migraines, Muscle Spasms, Neck Pain, Seizures",https://www.marijuana.com/strains/black-cherry-soda/,https://3x5avq3qvxq63ruylvcz1y12-wpengine.netdna-ssl.com/wp-content/uploads/2016/08/Ace-Of-Spades-1-351x185.png,"Sweet, Honey",40,51
Black Diamond,Hybrid,Unknown,"Creative, Energetic, Sociable","Depression, Diabetic Neuropathy, Headaches",https://www.marijuana.com/strains/black-diamond/,https://3x5avq3qvxq63ruylvcz1y12-wpengine.netdna-ssl.com/wp-content/uploads/2014/04/black-diamond-diamond-351x185.jpg,Earthy,48,83
Black Domina,Hybrid,Unknown,"Euphoric, Happy, Relaxed","Anxiety, HIV, Migraines",https://www.marijuana.com/strains/black-domina/,https://3x5avq3qvxq63ruylvcz1y12-wpengine.netdna-ssl.com/wp-content/uploads/2014/05/1346267860180black_domina_jpg_leader-351x185.jpg,Earthy,2,29
Black Jack,Hybrid,Unknown,"Energetic, Happy","Epilepsy, Insomnia, PTSD",https://www.marijuana.com/strains/black-jack/,https://3x5avq3qvxq63ruylvcz1y12-wpengine.netdna-ssl.com/wp-content/uploads/2014/05/black-jack-351x185.jpg,"Pine, Earthy",7,50
Black Widow,Indica,Unknown,"Anxious, Euphoric, Inspired, Sociable","Anxiety, Nausea",https://www.marijuana.com/strains/black-widow/,https://3x5avq3qvxq63ruylvcz1y12-wpengine.netdna-ssl.com/wp-content/uploads/2014/05/1346123990790Black_Widow_jpeg_leader-351x185.jpeg,Sweet,52,29
Blackberry,Indica,Unknown,"Creative, Lazy, Solitary","ADHD, IBS, Neck Pain",https://www.marijuana.com/strains/blackberry/,https://3x5avq3qvxq63ruylvcz1y12-wpengine.netdna-ssl.com/wp-content/uploads/2014/04/blackberry-351x185.jpg,"Pine, Pepper",83,92
Blackberry Kush,Indica,Unknown,"Attentive, Happy, Lazy, Relaxed","Anxiety, Depression, Psychosis, PTSD",https://www.marijuana.com/strains/blackberry-kush/,https://3x5avq3qvxq63ruylvcz1y12-wpengine.netdna-ssl.com/wp-content/uploads/2014/05/1346124082819open_uri20110720_30554_ax3x5o_jpeg_leader-351x185.jpeg,"Sweet, Pine, Earthy",83,63
Blockhead,Indica,Unknown,"Aroused, Creative, Lazy","ADD, Crohn's Disease, Radiculopathy",https://www.marijuana.com/strains/blockhead/,https://3x5avq3qvxq63ruylvcz1y12-wpengine.netdna-ssl.com/wp-content/uploads/2014/05/blockhead-351x185.jpeg,"Citrus, Earthy, Lemon",35,61
Blue Cheese,Indica,Unknown,"Attentive, Energetic, Euphoric, Inspired, Relaxed","Arthritis, Back Pain, Headaches, Migraines, Muscle Spasms, Neck Pain",https://www.marijuana.com/strains/blue-cheese/,https://3x5avq3qvxq63ruylvcz1y12-wpengine.netdna-ssl.com/wp-content/uploads/2014/05/1346124469708open_uri20110804_4701_5eghwf_jpeg_leader-351x185.jpeg,"Berry, Sweet",26,13
Blue Diesel,Sativa,Unknown,"Attentive, Energetic, Euphoric, Inspired","Anxiety, Arthritis, Back Pain, Headaches, Migraines, Muscle Spasms, Neck Pain, PTSD",https://www.marijuana.com/strains/blue-diesel/,https://3x5avq3qvxq63ruylvcz1y12-wpengine.netdna-ssl.com/wp-content/uploads/2014/05/1346268842467open_uri20110721_30532_drv0jb_jpg_leader-351x185.jpg,"Berry, Sweet",89,81
Blue Dragon,Hybrid,Unknown,"Alert, Attentive, Creative, Euphoric","Anxiety, Arthritis, Back Pain, Crohn's Disease, Depression, Headaches, Migraines, Muscle Spasms, Neck Pain, Psychosis",https://www.marijuana.com/strains/blue-dragon/,https://3x5avq3qvxq63ruylvcz1y12-wpengine.netdna-ssl.com/wp-content/uploads/2014/05/1346268925373open_uri20110903_13379_xfu9o8_jpg_leader-351x185.jpg,"Blueberry, Earthy, Pine",10,81
Blue Dream,Sativa,"California, U.S.","Creative, Energetic, Euphoric, Hungry, Motivated, Sociable","ADD, Anxiety, Appetite, Back Pain, Crohn's Disease, Depression, Epilepsy, Fibromyalgia, Glaucoma, Headaches, Migraines, Muscle Spasms, Neck Pain, PTSD",https://www.marijuana.com/strains/blue-dream/,https://3x5avq3qvxq63ruylvcz1y12-wpengine.netdna-ssl.com/wp-content/uploads/2014/04/grow-nugs-1360-351x185.jpg,"Blueberry, Berry",43,86
Blue Hawaiian,Sativa,Unknown,"Alert, Happy, Sociable","Headaches, HIV, IBS",https://www.marijuana.com/strains/blue-hawaiian/,https://3x5avq3qvxq63ruylvcz1y12-wpengine.netdna-ssl.com/wp-content/uploads/2014/04/blue-hawaiian-351x185.jpg,Blueberry,91,52
Blue Moonshine,Sativa,California,"Aroused, Euphoric, Happy, Relaxed","Anxiety, Appetite, Arthritis, Back Pain, Depression, Headaches, Insomnia, Migraines, Muscle Spasms, Nausea, Neck Pain",https://www.marijuana.com/strains/blue-moonshine/,https://3x5avq3qvxq63ruylvcz1y12-wpengine.netdna-ssl.com/wp-content/uploads/2014/05/bluemoon_4645-351x185.jpg,"Blueberry, Grape, Citrus",22,31
Blue Sky,Sativa,Unknown,"Alert, Attentive, Energetic, Giggly, Motivated","ADHD, Asthma, Depression, Fibromyalgia, Glaucoma, Migraines, Neck Pain",https://www.marijuana.com/strains/blue-sky/,https://3x5avq3qvxq63ruylvcz1y12-wpengine.netdna-ssl.com/wp-content/uploads/2016/07/blue_sky_sativa-351x185.jpg,"Blueberry, Earthy, Sweet",63,30
Blue Widow,Indica,Unknown,"Relaxed, Sleepy","Epilepsy, HIV, Insomnia",https://www.marijuana.com/strains/blue-widow/,https://3x5avq3qvxq63ruylvcz1y12-wpengine.netdna-ssl.com/wp-content/uploads/2014/04/blue-widow-351x185.jpeg,"Citrus, Orange, Sweet",59,51
Blueberry,Hybrid,Unknown,"Euphoric, Relaxed","Anxiety, Back Pain, Headaches, Migraines, Muscle Spasms, Neck Pain",https://www.marijuana.com/strains/blueberry/,https://3x5avq3qvxq63ruylvcz1y12-wpengine.netdna-ssl.com/wp-content/uploads/2014/05/1346117728382open_uri20110719_30554_1eid6fm_leader-351x185.jpg,Blueberry,84,37
Blueberry Haze,Hybrid,Unknown,"Alert, Attentive, Inspired, Relaxed","ADD, ADHD, Anxiety, PTSD",https://www.marijuana.com/strains/blueberry-haze/,https://3x5avq3qvxq63ruylvcz1y12-wpengine.netdna-ssl.com/wp-content/uploads/2014/04/1346269525598open_uri20110822_31768_12hsfpa_jpg_leader-351x185.jpg,"Sweet, Earthy",36,59
Blueberry Kush,Hybrid,Unknown,"Hungry, Relaxed, Sleepy","Appetite, Arthritis, Back Pain, Headaches, Insomnia, Migraines, Muscle Spasms, Neck Pain",https://www.marijuana.com/strains/blueberry-kush/,https://3x5avq3qvxq63ruylvcz1y12-wpengine.netdna-ssl.com/wp-content/uploads/2014/05/1346125291505open_uri20110812_28216_1a34l6t_jpeg_leader-351x185.jpeg,"Earthy, Berry",50,18
Blueberry Skunk,Hybrid,Unknown,"Giggly, Hungry, Lazy","Asthma, Crohn's Disease, HIV",https://www.marijuana.com/strains/blueberry-skunk/,https://3x5avq3qvxq63ruylvcz1y12-wpengine.netdna-ssl.com/wp-content/uploads/2014/04/blueberry-skunk-351x185.jpg,"Citrus, Lemon, Earthy",58,73
Bob Marley,Sativa, Jamaica,"Alert, Creative, Inspired","ADHD, Muscle Spasms, Nausea",https://www.marijuana.com/strains/bob-marley/,https://3x5avq3qvxq63ruylvcz1y12-wpengine.netdna-ssl.com/wp-content/uploads/2014/06/Screen-Shot-2014-06-04-at-2.57.23-PM-351x185.png,"Berry, Blueberry, Sweet",43,90
Bruce Banner,Hybrid,Unknown,"Creative, Energetic, Euphoric, Inspired",Appetite,https://www.marijuana.com/strains/bruce-banner/,https://3x5avq3qvxq63ruylvcz1y12-wpengine.netdna-ssl.com/wp-content/uploads/2016/07/BruceBanner1FElixGreen-351x185.jpg,"Earthy, Grape",56,97
Bubba Kush,Indica,Unknown,"Happy, Lazy, Relaxed, Sleepy","Arthritis, Back Pain, Headaches, Insomnia, Muscle Spasms, Neck Pain",https://www.marijuana.com/strains/bubba-kush/,https://3x5avq3qvxq63ruylvcz1y12-wpengine.netdna-ssl.com/wp-content/uploads/2014/05/1346125412019open_uri20110720_30532_6bt3r7_jpeg_leader-351x185.jpeg,"Blueberry, Sweet",43,44
Bubba OG,Hybrid,Unknown,"Anxious, Creative, Euphoric","Asthma, Hepatitis, IBS",https://www.marijuana.com/strains/bubba-og/,https://3x5avq3qvxq63ruylvcz1y12-wpengine.netdna-ssl.com/wp-content/uploads/2014/05/bubba-og-351x185.jpeg,Skunk,38,90
Bubble Gum,Hybrid,Unknown,"Euphoric, Happy, Hungry, Inspired","Appetite, Arthritis, Back Pain, Headaches, Migraines, Muscle Spasms",https://www.marijuana.com/strains/bubble-gum/,https://3x5avq3qvxq63ruylvcz1y12-wpengine.netdna-ssl.com/wp-content/uploads/2014/05/1346125857268open_uri20110827_21693_kg36dg_leader-351x185.jpg,"Berry, Earthy, Pine",90,17
Bubbleberry,Hybrid,Unknown,"Happy, Motivated, Relaxed","ADD, Depression, Nausea",https://www.marijuana.com/strains/bubbleberry/,https://3x5avq3qvxq63ruylvcz1y12-wpengine.netdna-ssl.com/wp-content/uploads/2014/05/bubbleberry-351x185.jpg,"Berry, Blueberry",44,60
Buddha&#8217;s Sister,Hybrid,Amsterdam,"Attentive, Creative, Euphoric, Giggly, Relaxed","Arthritis, Asthma, Back Pain, Crohn's Disease, Headaches, Muscle Spasms, Nausea, PTSD",https://www.marijuana.com/strains/buddhas-sister/,https://3x5avq3qvxq63ruylvcz1y12-wpengine.netdna-ssl.com/wp-content/uploads/2016/10/d45812717867fc6e464ca49fab45b595-351x185.jpg,"Berry, Earthy",13,56
Bullrider,Indica,"San Diego, California","Creative, Giggly, Hungry, Relaxed","ADHD, Depression, Diabetic Neuropathy, Epilepsy, Fibromyalgia, IBS, Insomnia, Migraines, Nausea, PTSD",https://www.marijuana.com/strains/bullrider/,https://3x5avq3qvxq63ruylvcz1y12-wpengine.netdna-ssl.com/wp-content/uploads/2016/09/dedbd4087f76e9523ca3ed360dddc999-351x185.jpg,"Sweet, Blueberry",59,43
Burmese Kush,Hybrid,Unknown,"Attentive, Creative, Euphoric, Inspired, Lazy, Relaxed, Sleepy","Arthritis, Back Pain, Headaches, Insomnia, Migraines, Muscle Spasms, Neck Pain",https://www.marijuana.com/strains/burmese-kush/,https://3x5avq3qvxq63ruylvcz1y12-wpengine.netdna-ssl.com/wp-content/uploads/2014/05/1346270087477fname_jpg_leader-351x185.jpg,"Blueberry, Sweet, Berry",84,54
Cannalope Haze,Sativa,Amsterdam,"Alert, Anxious, Aroused, Attentive, Creative, Energetic, Euphoric, Giggly","Appetite, Crohn's Disease, Depression, Diabetic Neuropathy, IBS",https://www.marijuana.com/strains/cannalope-haze/,https://3x5avq3qvxq63ruylvcz1y12-wpengine.netdna-ssl.com/wp-content/uploads/2014/04/Cannalope_Haze_Marijuana_strain_review-351x185.png,"Blueberry, Berry, Skunk",56,71
Casey Jones,Sativa,Unknown,"Energetic, Euphoric, Inspired","ADD, ADHD, Anxiety, Migraines",https://www.marijuana.com/strains/casey-jones/,https://3x5avq3qvxq63ruylvcz1y12-wpengine.netdna-ssl.com/wp-content/uploads/2014/05/1346270252983open_uri20110916_9444_1o2wsf6_jpg_leader-351x185.jpg,"Earthy, Sweet",53,42
Cataract Kush,Indica,Spain,"Euphoric, Giggly, Lazy, Relaxed, Sleepy","Appetite, Asthma, Back Pain, Crohn's Disease, Epilepsy, Insomnia, Migraines, Muscle Spasms, Neck Pain",https://www.marijuana.com/strains/cataract-kush/,https://3x5avq3qvxq63ruylvcz1y12-wpengine.netdna-ssl.com/wp-content/uploads/2016/08/Cataract_Kush_Marijuana_Strain_Review-351x185.png,"Sweet, Earthy",80,35
Caveman Kush,Indica,"California, U.S. ","Euphoric, Hungry, Relaxed, Sleepy","Back Pain, Headaches, Insomnia, Nausea, Neck Pain",https://www.marijuana.com/strains/caveman-kush/,https://3x5avq3qvxq63ruylvcz1y12-wpengine.netdna-ssl.com/wp-content/uploads/2016/06/Screen-Shot-2016-02-17-at-6.50.14-AM-351x185.png,"Citrus, Orange, Sweet",96,15
Champagne Kush,Hybrid,Unknown,"Creative, Euphoric, Happy, Motivated, Relaxed, Sociable","Anxiety, Back Pain, Depression, Muscle Spasms, Neck Pain, Psychosis, PTSD",https://www.marijuana.com/strains/champagne-kush/,https://3x5avq3qvxq63ruylvcz1y12-wpengine.netdna-ssl.com/wp-content/uploads/2014/04/Burmese-Kush-marijuana-strain-351x185.jpg,"Earthy, Sweet",59,32
Cheese,Indica,Unknown,"Lazy, Relaxed","Arthritis, Insomnia, Nausea",https://www.marijuana.com/strains/cheese/,https://3x5avq3qvxq63ruylvcz1y12-wpengine.netdna-ssl.com/wp-content/uploads/2014/05/1346127503479open_uri20110827_21681_139yxxv_jpeg_leader-351x185.jpeg,Earthy,26,47
Chemdawg,Hybrid,Unknown,"Creative, Euphoric, Happy, Inspired, Relaxed","ADD, ADHD, Anxiety, Appetite, Arthritis, Asthma, Back Pain, Cachexia, Crohn's Disease, Depression, Diabetic Neuropathy, Epilepsy, Fibromyalgia, Glaucoma, Headaches, Hepatitis, HIV, IBS, Insomnia, Migraines, Muscle Spasms, Multiple Sclerosis, Nausea, Neck Pain, Psychosis, PTSD, Radiculopathy, RLS, Seizures",https://www.marijuana.com/strains/chemdawg/,https://3x5avq3qvxq63ruylvcz1y12-wpengine.netdna-ssl.com/wp-content/uploads/2014/05/1346189800213open_uri20110716_19794_bqbsd1_jpeg_leader-351x185.jpeg,Grape,17,36
Chernobyl,Sativa,Pacific Northwest,"Anxious, Happy, Relaxed","Crohn's Disease, Epilepsy, Glaucoma, Headaches, Insomnia, Multiple Sclerosis, Nausea, Psychosis, PTSD",https://www.marijuana.com/strains/chernobyl/,https://3x5avq3qvxq63ruylvcz1y12-wpengine.netdna-ssl.com/wp-content/uploads/2014/05/mjgrow_5-351x185.jpg,Earthy,1,27
Cherry Kush,Hybrid,Unknown,"Attentive, Inspired, Lazy","Anxiety, Back Pain, Nausea",https://www.marijuana.com/strains/cherry-kush/,https://3x5avq3qvxq63ruylvcz1y12-wpengine.netdna-ssl.com/wp-content/uploads/2014/04/cherry-kush-351x185.jpg,"Earthy, Lemon",72,12
Cherry Pie,Hybrid,Unknown,"Anxious, Happy, Inspired","Crohn's Disease, Migraines, Neck Pain",https://www.marijuana.com/strains/cherry-pie/,https://3x5avq3qvxq63ruylvcz1y12-wpengine.netdna-ssl.com/wp-content/uploads/2014/04/cherry-pie-351x185.jpg,Citrus,45,92
Chiesel,Sativa,Big Buddha Seeds,"Euphoric, Giggly, Happy, Hungry, Lazy","Anxiety, Appetite, Depression, Migraines, Nausea",https://www.marijuana.com/strains/chiesel/,https://3x5avq3qvxq63ruylvcz1y12-wpengine.netdna-ssl.com/wp-content/uploads/2014/06/chiesel-3a-351x185.jpg,"Sweet, Citrus, Mint",49,71
Chocolate Chunk,Indica,Unknown,"Lazy, Relaxed, Sleepy","Migraines, Muscle Spasms",https://www.marijuana.com/strains/chocolate-chunk/,https://3x5avq3qvxq63ruylvcz1y12-wpengine.netdna-ssl.com/wp-content/uploads/2014/04/choco-chunk-cover-351x185.jpg,"Sweet, Earthy",99,34
Chocolope,Sativa,Unknown,"Energetic, Inspired, Relaxed","Anxiety, Appetite, Back Pain, Depression, Headaches, Insomnia, Migraines, Muscle Spasms, Neck Pain",https://www.marijuana.com/strains/chocolope/,https://3x5avq3qvxq63ruylvcz1y12-wpengine.netdna-ssl.com/wp-content/uploads/2014/05/1346190162392Chocolope_NEW_FINAL_jpeg_leader-351x185.jpeg,"Sweet, Lime",20,60
Cinderella 99,Hybrid,Unknown,"Anxious, Inspired, Motivated","ADD, Asthma, RLS",https://www.marijuana.com/strains/cinderella-99/,https://3x5avq3qvxq63ruylvcz1y12-wpengine.netdna-ssl.com/wp-content/uploads/2014/04/Cinderella-99-351x185.jpg,"Sweet, Lime",88,92
Confidential Cheese,Indica,California,"Euphoric, Inspired, Relaxed","ADHD, Anxiety, Appetite, Back Pain, Epilepsy, Headaches, Muscle Spasms, Neck Pain, Seizures",https://www.marijuana.com/strains/confidential-cheese/,https://3x5avq3qvxq63ruylvcz1y12-wpengine.netdna-ssl.com/wp-content/uploads/2016/08/thenug-ufXrXlol0x-351x185.jpg,Sweet,67,29
Cotton Candy,Hybrid,Unknown,"Aroused, Inspired, Motivated","Arthritis, IBS, RLS",https://www.marijuana.com/strains/cotton-candy/,https://3x5avq3qvxq63ruylvcz1y12-wpengine.netdna-ssl.com/wp-content/uploads/2014/04/cotton-candy-351x185.jpg,"Sweet, Lavender",78,91
Cough,Sativa,Unknown,"Anxious, Aroused, Hungry","Cachexia, Crohn's Disease, Headaches",https://www.marijuana.com/strains/cough/,https://3x5avq3qvxq63ruylvcz1y12-wpengine.netdna-ssl.com/wp-content/uploads/2014/04/cough-351x185.jpg,"Earthy, Pine",92,96
Death Star,Sativa,"Ohio, U.S.","Alert, Inspired","ADHD, Anxiety, Arthritis, Asthma, Epilepsy, Fibromyalgia, Migraines, Muscle Spasms, Multiple Sclerosis, Nausea, Neck Pain, Seizures",https://www.marijuana.com/strains/death-star/,https://3x5avq3qvxq63ruylvcz1y12-wpengine.netdna-ssl.com/wp-content/uploads/2014/04/Death_Star_Marijuana_Strain_Review-351x185.png,"Sweet, Earthy",32,28
DHN Platinum Girl Scout Cookies,Hybrid,California,"Euphoric, Lazy, Sleepy","Appetite, Back Pain, Headaches",https://www.marijuana.com/strains/dhn-platinum-girl-scout-cookies/,https://3x5avq3qvxq63ruylvcz1y12-wpengine.netdna-ssl.com/wp-content/uploads/2014/06/cookie_9093-351x185.jpg,"Earthy, Pine, Sweet",60,38
Diesel,Sativa,Unknown,"Creative, Energetic, Euphoric",Anxiety,https://www.marijuana.com/strains/diesel/,https://3x5avq3qvxq63ruylvcz1y12-wpengine.netdna-ssl.com/wp-content/uploads/2014/05/1346190642973open_uri20110716_19794_zvn47d_jpg_leader-351x185.jpg,Earthy,82,39
DJ Short&#8217;s Blueberry,Indica,California,"Creative, Energetic, Euphoric, Happy, Relaxed","ADD, Appetite, Back Pain, Depression, Insomnia, Migraines, Nausea, Neck Pain",https://www.marijuana.com/strains/dj-shorts-blueberry/,https://3x5avq3qvxq63ruylvcz1y12-wpengine.netdna-ssl.com/wp-content/uploads/2016/02/blueberry-white-21-351x185.jpg,"Pepper, Mango",97,44
Double Diesel,Hybrid,Amsterdam,"Euphoric, Happy, Motivated, Relaxed","Back Pain, Depression, Fibromyalgia, Migraines, Multiple Sclerosis, Nausea, Neck Pain",https://www.marijuana.com/strains/double-diesel/,https://3x5avq3qvxq63ruylvcz1y12-wpengine.netdna-ssl.com/wp-content/uploads/2014/06/diesel_pic-351x185.jpg,"Earthy, Skunk",25,26
Dream Queen,Sativa,California,"Giggly, Inspired, Relaxed, Solitary","ADHD, Back Pain, Diabetic Neuropathy, Epilepsy, Glaucoma, Headaches, Muscle Spasms, Nausea",https://www.marijuana.com/strains/dream-queen/,https://3x5avq3qvxq63ruylvcz1y12-wpengine.netdna-ssl.com/wp-content/uploads/2014/04/ed7bab50-e088-45e1-b107-1df0d75de26a-351x185.jpg,"Earthy, Sweet",42,44
Durban Poison,Sativa,Unknown,"Euphoric, Lazy, Relaxed, Sleepy","Arthritis, Depression, Migraines, Nausea",https://www.marijuana.com/strains/durban-poison/,https://3x5avq3qvxq63ruylvcz1y12-wpengine.netdna-ssl.com/wp-content/uploads/2014/05/1346191280615Durban_Diesel_jpg_leader-351x185.jpg,"Earthy, Sweet",47,31
Dutch Treat,Hybrid,Amsterdam,"Energetic, Euphoric, Relaxed","ADHD, Back Pain, Depression, Diabetic Neuropathy, Fibromyalgia, Nausea, Neck Pain",https://www.marijuana.com/strains/dutch-treat/,https://3x5avq3qvxq63ruylvcz1y12-wpengine.netdna-ssl.com/wp-content/uploads/2014/04/dutchtreat-white--351x185.jpg,Pine,47,66
Elephant Stomper,Hybrid,United States,"Alert, Anxious, Energetic, Euphoric","ADD, ADHD, Anxiety, Depression",https://www.marijuana.com/strains/elephant-stomper/,https://3x5avq3qvxq63ruylvcz1y12-wpengine.netdna-ssl.com/wp-content/uploads/2014/06/elephantbud1-351x185.jpg,"Sweet, Earthy",50,53
Emerald Jack,Hybrid,United States,"Attentive, Creative, Energetic, Euphoric, Happy","ADD, ADHD, Anxiety, Appetite, Depression",https://www.marijuana.com/strains/emerald-jack/,https://3x5avq3qvxq63ruylvcz1y12-wpengine.netdna-ssl.com/wp-content/uploads/2014/06/candy_jack-351x185.jpg,"Earthy, Coffee, Sweet",23,47
Ewok,Hybrid,Unknown,"Euphoric, Relaxed","Appetite, Back Pain",https://www.marijuana.com/strains/ewok/,https://3x5avq3qvxq63ruylvcz1y12-wpengine.netdna-ssl.com/wp-content/uploads/2014/05/ewok-cover-351x185.jpg,"Earthy, Coffee",67,38
Facewreck Haze,Sativa,"Colorado, United States","Aroused, Attentive, Creative, Inspired, Motivated","Appetite, Depression, Hepatitis, Migraines, Muscle Spasms, Nausea, Neck Pain, PTSD, Radiculopathy, Seizures",https://www.marijuana.com/strains/facewreck-haze/,https://3x5avq3qvxq63ruylvcz1y12-wpengine.netdna-ssl.com/wp-content/uploads/2016/09/facewreck-351x185.jpg,"Earthy, Coffee, Sweet",6,59
Fire OG,Sativa,Unknown,"Attentive, Creative, Solitary","ADD, Anxiety, Neck Pain",https://www.marijuana.com/strains/fire-og/,https://3x5avq3qvxq63ruylvcz1y12-wpengine.netdna-ssl.com/wp-content/uploads/2014/04/fireognice-351x185.jpg,Earthy,31,38
Flo,Sativa,Pacific Northwest/Amsterdam,"Lazy, Relaxed, Sleepy","ADD, ADHD, Anxiety, Appetite, Arthritis, Back Pain, Depression, Headaches, Insomnia, Migraines, Muscle Spasms, Multiple Sclerosis, Nausea, Neck Pain, Psychosis, PTSD",https://www.marijuana.com/strains/flo/,https://3x5avq3qvxq63ruylvcz1y12-wpengine.netdna-ssl.com/wp-content/uploads/2014/05/1346191646448Flo_JPG_leader-351x185.jpg,"Citrus, Earthy",44,32
Ft. Collins Cough,Sativa,"Colorado, U.S. ","Anxious, Attentive, Giggly, Motivated","ADHD, Asthma, Back Pain, Crohn's Disease, Epilepsy, Fibromyalgia, Glaucoma, HIV, PTSD",https://www.marijuana.com/strains/ft-collins-cough/,https://3x5avq3qvxq63ruylvcz1y12-wpengine.netdna-ssl.com/wp-content/uploads/2016/08/strawberry-cough-800x533-351x185.jpg,"Earthy, Sweet",4,65
Fucking Incredible,Indica,Unknown,"Relaxed, Sleepy","Appetite, Neck Pain, PTSD",https://www.marijuana.com/strains/fucking-incredible/,https://3x5avq3qvxq63ruylvcz1y12-wpengine.netdna-ssl.com/wp-content/uploads/2014/05/fucking-incredible-351x185.jpg,"Pineapple, Mango, Pine",86,40
G-13,Indica,Mississippi,"Lazy, Relaxed, Sleepy","ADD, ADHD, Anxiety, Migraines",https://www.marijuana.com/strains/g-13/,https://3x5avq3qvxq63ruylvcz1y12-wpengine.netdna-ssl.com/wp-content/uploads/2014/05/g13a-351x185.jpg,"Citrus, Orange, Lemon",57,32
Girl Scout Cookies,Hybrid,Bay Area,"Aroused, Creative, Hungry","Back Pain, Nausea",https://www.marijuana.com/strains/girl-scout-cookies/,https://3x5avq3qvxq63ruylvcz1y12-wpengine.netdna-ssl.com/wp-content/uploads/2014/05/GSC-351x185.jpg,Sweet,36,43
God Bud,Hybrid,Unknown,"Alert, Attentive, Creative","Asthma, Crohn's Disease, IBS",https://www.marijuana.com/strains/god-bud/,https://3x5avq3qvxq63ruylvcz1y12-wpengine.netdna-ssl.com/wp-content/uploads/2014/05/god-bud-351x185.jpg,"Pine, Sweet",71,7
Gods Gift,Indica,Unknown,"Euphoric, Lazy, Relaxed, Sleepy","Arthritis, Back Pain, Multiple Sclerosis, Neck Pain",https://www.marijuana.com/strains/gods-gift/,https://3x5avq3qvxq63ruylvcz1y12-wpengine.netdna-ssl.com/wp-content/uploads/2014/05/1346192231995God_s_gift_jpg_leader-351x185.jpg,"Earthy, Sweet, Berry",50,57
Goji OG,Hybrid,United States,"Creative, Energetic, Euphoric, Giggly","Appetite, Back Pain, Depression, Headaches, Nausea, Neck Pain",https://www.marijuana.com/strains/goji-og/,https://3x5avq3qvxq63ruylvcz1y12-wpengine.netdna-ssl.com/wp-content/uploads/2016/07/DSCN2364_zps38ca3102-351x185.jpg,Earthy,46,57
Golden Goat,Hybrid,Unknown,"Euphoric, Giggly, Happy, Hungry, Sociable","ADD, ADHD, Anxiety, Arthritis, Migraines, Psychosis",https://www.marijuana.com/strains/golden-goat/,https://3x5avq3qvxq63ruylvcz1y12-wpengine.netdna-ssl.com/wp-content/uploads/2014/05/1346192361248open_uri20110716_19794_8v4llj_jpg_leader-351x185.jpg,"Earthy, Sweet, Pine",28,94
Grand Daddy Purple,Indica,Unknown,"Alert, Attentive, Energetic, Happy, Inspired","ADD, ADHD, Anxiety, Arthritis, Migraines",https://www.marijuana.com/strains/grand-daddy-purple/,https://3x5avq3qvxq63ruylvcz1y12-wpengine.netdna-ssl.com/wp-content/uploads/2014/05/1346192589012GDP_JPG_leader-351x185.jpg,"Earthy, Citrus",8,6
Grape Ape,Indica,Unknown,"Happy, Lazy, Relaxed, Sleepy","Back Pain, Depression, Headaches, Insomnia, Migraines, Muscle Spasms, Neck Pain",https://www.marijuana.com/strains/grape-ape/,https://3x5avq3qvxq63ruylvcz1y12-wpengine.netdna-ssl.com/wp-content/uploads/2014/05/1346192908046GrapeApe_JPG_leader-351x185.jpg,"Sweet, Earthy",90,48
Grape God,Hybrid,Unknown,"Anxious, Aroused, Sleepy","Depression, Headaches, HIV",https://www.marijuana.com/strains/grape-god/,https://3x5avq3qvxq63ruylvcz1y12-wpengine.netdna-ssl.com/wp-content/uploads/2014/05/grapegod-351x185.jpg,"Sweet, Honey, Earthy",92,90
Grape Krush,Hybrid,"California, U.S. ","Creative, Happy, Relaxed, Sociable","Anxiety, Diabetic Neuropathy, Epilepsy, Glaucoma, Headaches, Muscle Spasms, PTSD, Seizures",https://www.marijuana.com/strains/grape-krush/,https://3x5avq3qvxq63ruylvcz1y12-wpengine.netdna-ssl.com/wp-content/uploads/2016/08/Grape-Krush-351x185.jpg,Earthy,45,18
Grape Kush,Indica,Unknown,"Lazy, Relaxed, Sleepy","ADD, ADHD, Anxiety, Back Pain, Headaches, Insomnia, Migraines, Muscle Spasms, Neck Pain",https://www.marijuana.com/strains/grape-kush/,https://3x5avq3qvxq63ruylvcz1y12-wpengine.netdna-ssl.com/wp-content/uploads/2014/05/1346271604816Image60_jpg_leader-351x185.jpg,"Earthy, Sweet",7,42
Grapefruit,Indica,Unknown,"Lazy, Sleepy","Headaches, Hepatitis, Muscle Spasms",https://www.marijuana.com/strains/grapefruit/,https://3x5avq3qvxq63ruylvcz1y12-wpengine.netdna-ssl.com/wp-content/uploads/2014/04/grapefruit-351x185.jpg,"Citrus, Sweet",73,78
Great White Shark,Sativa,Unknown,"Anxious, Giggly, Solitary","Appetite, Muscle Spasms, Nausea",https://www.marijuana.com/strains/great-white-shark/,https://3x5avq3qvxq63ruylvcz1y12-wpengine.netdna-ssl.com/wp-content/uploads/2014/04/great-white-shark-351x185.jpg,Earthy,91,79
Green Crack,Sativa,"California, U.S. ","Alert, Anxious, Attentive, Giggly, Hungry, Sociable","Appetite, Arthritis, Asthma, Depression, Fibromyalgia, Headaches",https://www.marijuana.com/strains/green-crack/,https://3x5avq3qvxq63ruylvcz1y12-wpengine.netdna-ssl.com/wp-content/uploads/2014/04/Screen-Shot-2016-05-11-at-7.52.23-AM-351x185.png,"Sweet, Berry, Blueberry",19,30
Green Queen,Indica,Unknown,"Creative, Euphoric, Motivated","ADHD, Anxiety, Muscle Spasms",https://www.marijuana.com/strains/green-queen/,https://3x5avq3qvxq63ruylvcz1y12-wpengine.netdna-ssl.com/wp-content/uploads/2014/05/green-queen-351x185.jpg,"Coffee, Berry, Earthy",81,65
Hash Plant,Indica,Unknown,"Euphoric, Lazy, Relaxed, Sleepy","ADD, ADHD, Anxiety, Arthritis, Migraines",https://www.marijuana.com/strains/hash-plant/,https://3x5avq3qvxq63ruylvcz1y12-wpengine.netdna-ssl.com/wp-content/uploads/2014/05/1346200194772Hash_Plant_Focus_Rendering_3editcrop_jpg_leader-351x185.jpg,"Citrus, Earthy",21,51
Haze Heaven,Hybrid,Amsterdam,"Happy, Inspired, Motivated","Arthritis, Depression, Headaches, Nausea",https://www.marijuana.com/strains/haze-heaven/,https://3x5avq3qvxq63ruylvcz1y12-wpengine.netdna-ssl.com/wp-content/uploads/2014/06/sour-apple-haze-351x185.jpg,"Earthy, Berry, Sweet",40,77
Headband,Hybrid,Unknown,"Alert, Anxious, Creative, Energetic, Giggly, Happy","ADD, ADHD, Anxiety, Back Pain, Migraines",https://www.marijuana.com/strains/headband/,https://3x5avq3qvxq63ruylvcz1y12-wpengine.netdna-ssl.com/wp-content/uploads/2014/04/1346118517259Headband_jpeg_leader-351x185.jpeg,"Earthy, Ammonia",40,73
Heavy Duty Fruity,Hybrid,Unknown,"Lazy, Relaxed, Sleepy","ADD, ADHD, Anxiety, Migraines",https://www.marijuana.com/strains/heavy-duty-fruity/,https://3x5avq3qvxq63ruylvcz1y12-wpengine.netdna-ssl.com/wp-content/uploads/2014/05/1346200591718open_uri20110716_19794_1p9i85p_jpg_leader-351x185.jpg,"Grape, Earthy, Sweet",74,88
Hindu Kush,Indica,Unknown,"Alert, Attentive, Relaxed","Anxiety, Back Pain, Headaches, Migraines, Nausea, Neck Pain",https://www.marijuana.com/strains/hindu-kush/,https://3x5avq3qvxq63ruylvcz1y12-wpengine.netdna-ssl.com/wp-content/uploads/2014/05/1346200685368hindu_kush_01_JPG_leader-351x185.jpg,"Earthy, Sweet, Pine",81,34
Hindu Skunk,Indica,Unknown Hindu Region,"Lazy, Relaxed, Solitary","Back Pain, IBS, Psychosis",https://www.marijuana.com/strains/hindu-skunk/,https://3x5avq3qvxq63ruylvcz1y12-wpengine.netdna-ssl.com/wp-content/uploads/2014/04/hindu-skunk-351x185.jpg,"Mango, Citrus, Sweet",42,16
Holy Grail Kush,Indica,Spain,"Creative, Happy, Lazy, Relaxed","Anxiety, Appetite, Arthritis, Asthma, Back Pain, Fibromyalgia, Insomnia, Migraines, Muscle Spasms, Multiple Sclerosis",https://www.marijuana.com/strains/holy-grail-kush/,https://3x5avq3qvxq63ruylvcz1y12-wpengine.netdna-ssl.com/wp-content/uploads/2016/08/Screen-Shot-2015-11-11-at-9.14.46-AM-351x185.png,"Lavender, Ammonia, Sweet",75,41
Ice,Indica,Amsterdam,"Happy, Hungry, Lazy, Relaxed, Sleepy","Anxiety, Appetite, Back Pain, Epilepsy, Headaches, Insomnia, Migraines, Muscle Spasms, Multiple Sclerosis, Nausea, Neck Pain, Seizures",https://www.marijuana.com/strains/ice-2/,https://3x5avq3qvxq63ruylvcz1y12-wpengine.netdna-ssl.com/wp-content/uploads/2016/08/Los-Angeles-San-Francisco-Cannabis-Plant-Photographer18-351x185.jpg,"Pepper, Sweet",21,51
Island Sweet Skunk,Sativa,Unknown,"Aroused, Happy","Back Pain, Insomnia, Radiculopathy",https://www.marijuana.com/strains/island-sweet-skunk/,https://3x5avq3qvxq63ruylvcz1y12-wpengine.netdna-ssl.com/wp-content/uploads/2014/04/island-sweet-skunk-351x185.jpg,Earthy,1,75
Jack Flash,Hybrid,Unknown,"Alert, Attentive, Creative, Euphoric","ADD, ADHD, Anxiety, Psychosis",https://www.marijuana.com/strains/jack-flash/,https://3x5avq3qvxq63ruylvcz1y12-wpengine.netdna-ssl.com/wp-content/uploads/2014/05/1346201205994open_uri20110909_13379_1ohu0vi_jpg_leader-351x185.jpg,"Sweet, Pine",75,41
Jack Frost,Hybrid,Unknown,"Energetic, Euphoric, Inspired","ADD, ADHD, Anxiety, Migraines",https://www.marijuana.com/strains/jack-frost/,https://3x5avq3qvxq63ruylvcz1y12-wpengine.netdna-ssl.com/wp-content/uploads/2014/05/1346201326763JackFrost_jpg_leader-351x185.jpg,"Blueberry, Sweet, Berry",88,7
Jack Herer,Sativa,Amsterdam,"Alert, Attentive, Creative, Energetic","Appetite, Asthma, Depression, Headaches, Migraines, Nausea",https://www.marijuana.com/strains/jack-herer/,https://3x5avq3qvxq63ruylvcz1y12-wpengine.netdna-ssl.com/wp-content/uploads/2014/05/jack20-351x185.jpg,Ammonia,11,32
Jack the Ripper,Hybrid,Unknown,"Creative, Energetic","ADHD, IBS, Neck Pain",https://www.marijuana.com/strains/jack-the-ripper/,https://3x5avq3qvxq63ruylvcz1y12-wpengine.netdna-ssl.com/wp-content/uploads/2014/04/jack-the-ripper-351x185.jpg,"Earthy, Sweet",92,71
Jedi Kush,Indica,"California, U.S.","Euphoric, Giggly, Relaxed, Sleepy","Back Pain, Epilepsy, Fibromyalgia, Glaucoma, Headaches, Insomnia, Migraines, Muscle Spasms, Multiple Sclerosis, Neck Pain, Seizures",https://www.marijuana.com/strains/jedi-kush/,https://3x5avq3qvxq63ruylvcz1y12-wpengine.netdna-ssl.com/wp-content/uploads/2016/07/Screen-Shot-2016-01-14-at-5.10.32-AM-351x185.png,"Lime, Citrus",46,99
Jilly Bean,Indica,Unknown,"Euphoric, Relaxed, Sleepy","ADHD, Anxiety, PTSD",https://www.marijuana.com/strains/jilly-bean/,https://3x5avq3qvxq63ruylvcz1y12-wpengine.netdna-ssl.com/wp-content/uploads/2014/05/1346201932961Jillybean_2__JPG-351x185.jpg,"Mint, Lemon",30,5
Juicy Fruit,Hybrid,"California, U.S.","Creative, Euphoric, Giggly, Inspired, Motivated, Relaxed","ADHD, Anxiety, Appetite, Arthritis, Asthma, Back Pain, Depression, Epilepsy, Fibromyalgia, Headaches, Insomnia, Migraines, Muscle Spasms, Multiple Sclerosis, Nausea, Neck Pain",https://www.marijuana.com/strains/juicy-fruit-2/,https://3x5avq3qvxq63ruylvcz1y12-wpengine.netdna-ssl.com/wp-content/uploads/2016/07/Juicy_Fruit_Marijuana_Strain_Review-351x185.jpg,"Earthy, Grape",74,21
Kali Mist,Sativa,Unknown,"Alert, Attentive, Sociable","Arthritis, Back Pain, Headaches, Migraines, Muscle Spasms, Neck Pain",https://www.marijuana.com/strains/kali-mist/,https://3x5avq3qvxq63ruylvcz1y12-wpengine.netdna-ssl.com/wp-content/uploads/2014/05/1346202184502Kali_Mist_JPG_leader-351x185.jpg,"Berry, Citrus",84,53
Kandy Kush,Indica,California,"Alert, Anxious, Creative, Happy, Hungry, Sociable","ADD, Back Pain, Depression, Epilepsy, Fibromyalgia, IBS, Insomnia, Muscle Spasms, Neck Pain, PTSD",https://www.marijuana.com/strains/kandy-kush/,https://3x5avq3qvxq63ruylvcz1y12-wpengine.netdna-ssl.com/wp-content/uploads/2014/04/kandykush-white--351x185.jpg,"Sweet, Earthy",96,66
Killer Purple,Indica,Canada,"Euphoric, Lazy, Relaxed, Sleepy, Solitary","Headaches, Muscle Spasms",https://www.marijuana.com/strains/killer-purple/,https://3x5avq3qvxq63ruylvcz1y12-wpengine.netdna-ssl.com/wp-content/uploads/2014/06/image-3-351x185.jpeg,"Earthy, Sweet, Pine",68,21
Kosher Kush,Hybrid,Unknown,"Aroused, Creative, Hungry","Headaches, Nausea",https://www.marijuana.com/strains/kosher-kush/,https://3x5avq3qvxq63ruylvcz1y12-wpengine.netdna-ssl.com/wp-content/uploads/2014/05/KosherKush_002-351x185.jpg,"Citrus, Lime, Lemon",79,31
LA Confidential,Indica,Unknown,"Lazy, Relaxed, Sleepy","Anxiety, Arthritis, Back Pain, Headaches, Insomnia, Migraines",https://www.marijuana.com/strains/la-confidential/,https://3x5avq3qvxq63ruylvcz1y12-wpengine.netdna-ssl.com/wp-content/uploads/2014/04/1346202294150open_uri20111004_9441_1jfpxol_jpg_leader-351x185.jpg,"Citrus, Sweet",39,62
Larry OG,Hybrid,United States,"Anxious, Giggly, Relaxed, Sleepy","Back Pain, Fibromyalgia, Headaches, Migraines, Multiple Sclerosis, Neck Pain",https://www.marijuana.com/strains/larry-og/,https://3x5avq3qvxq63ruylvcz1y12-wpengine.netdna-ssl.com/wp-content/uploads/2014/06/LarryOG-351x185.jpg,"Citrus, Earthy",99,31
Lavender,Indica,Unknown,"Euphoric, Happy, Lazy, Relaxed","Anxiety, Arthritis, Headaches, Insomnia, Migraines, Muscle Spasms, Neck Pain",https://www.marijuana.com/strains/lavender/,https://3x5avq3qvxq63ruylvcz1y12-wpengine.netdna-ssl.com/wp-content/uploads/2014/05/1346202374511open_uri20110723_4690_wj1qew_jpg_leader-351x185.jpg,"Earthy, Citrus",31,28
Lavender Kush,Indica,Unknown,"Lazy, Relaxed, Sleepy",Anxiety,https://www.marijuana.com/strains/lavender-kush/,https://3x5avq3qvxq63ruylvcz1y12-wpengine.netdna-ssl.com/wp-content/uploads/2014/05/lavender-kush-351x185.jpg,"Sweet, Ammonia",50,6
Lemon Drop,Sativa,United ,"Attentive, Energetic, Euphoric, Motivated","Anxiety, Depression, Glaucoma",https://www.marijuana.com/strains/lemon-drop/,https://3x5avq3qvxq63ruylvcz1y12-wpengine.netdna-ssl.com/wp-content/uploads/2014/06/lemon_og-351x185.jpg,"Sweet, Lime, Earthy",49,9
Lemon Kush,Hybrid,Unknown,"Euphoric, Relaxed","Appetite, Arthritis, Back Pain, Migraines, Multiple Sclerosis, Neck Pain",https://www.marijuana.com/strains/lemon-kush/,https://3x5avq3qvxq63ruylvcz1y12-wpengine.netdna-ssl.com/wp-content/uploads/2014/04/1346272597483Lemon_jpg_leader-351x185.jpg,"Lemon, Citrus, Lime",64,28
Lemon Stomper,Sativa,California,"Alert, Anxious, Aroused, Attentive, Creative, Euphoric, Giggly","ADHD, Anxiety, Arthritis, Asthma, Back Pain, Fibromyalgia, Glaucoma, Muscle Spasms, Multiple Sclerosis, Neck Pain",https://www.marijuana.com/strains/lemon-stomper/,https://3x5avq3qvxq63ruylvcz1y12-wpengine.netdna-ssl.com/wp-content/uploads/2016/08/SD-351x185.jpg,"Citrus, Pine",97,80
Lemon Thai Kush,Hybrid,United States,"Alert, Anxious, Energetic, Happy, Motivated, Relaxed","Anxiety, Arthritis, Back Pain, Fibromyalgia, Glaucoma, Headaches, Migraines, Nausea, Neck Pain",https://www.marijuana.com/strains/lemon-thai-kush/,https://3x5avq3qvxq63ruylvcz1y12-wpengine.netdna-ssl.com/wp-content/uploads/2014/06/lemonkush_4368-351x185.jpg,"Pine, Earthy, Citrus",27,80
LSD,Hybrid,Unknown,"Energetic, Euphoric, Happy, Hungry, Inspired","ADD, Anxiety, Back Pain, Depression, Headaches, Nausea, Neck Pain",https://www.marijuana.com/strains/lsd/,https://3x5avq3qvxq63ruylvcz1y12-wpengine.netdna-ssl.com/wp-content/uploads/2014/05/1346202236950open_uri20110806_4713_15embrz_jpg_leader-351x185.jpg,Citrus,53,85
M39,Hybrid,Canada,"Anxious, Attentive, Creative, Energetic, Relaxed","Back Pain, Headaches, Nausea",https://www.marijuana.com/strains/m39/,https://3x5avq3qvxq63ruylvcz1y12-wpengine.netdna-ssl.com/wp-content/uploads/2014/06/9soIZ-351x185.jpg,"Berry, Sweet",81,35
Mango,Indica,Unknown,"Euphoric, Giggly, Happy, Inspired, Relaxed","ADD, ADHD, Anxiety, Appetite, Epilepsy, Insomnia, Migraines, Nausea, PTSD",https://www.marijuana.com/strains/mango/,https://3x5avq3qvxq63ruylvcz1y12-wpengine.netdna-ssl.com/wp-content/uploads/2014/05/1346202041924Mango_JPG_leader-351x185.jpg,Citrus,79,35
Mango Haze,Hybrid,Amsterdam,"Attentive, Euphoric, Inspired, Relaxed","ADD, ADHD, Anxiety, PTSD",https://www.marijuana.com/strains/mango-haze/,https://3x5avq3qvxq63ruylvcz1y12-wpengine.netdna-ssl.com/wp-content/uploads/2014/06/Mango_Kush-351x185.jpg,"Earthy, Sweet, Citrus",30,49
Mango Kush,Hybrid,Unknown,"Anxious, Attentive, Inspired","ADHD, Glaucoma, Migraines",https://www.marijuana.com/strains/mango-kush/,https://3x5avq3qvxq63ruylvcz1y12-wpengine.netdna-ssl.com/wp-content/uploads/2014/04/mango-kush-351x185.jpg,"Berry, Blueberry",48,58
Mango OG,Indica,"Colorado, U.S.","Creative, Giggly, Inspired, Relaxed","Anxiety, Appetite, Back Pain, Depression, Glaucoma, Headaches, Insomnia, Nausea, Neck Pain",https://www.marijuana.com/strains/mango-og/,https://3x5avq3qvxq63ruylvcz1y12-wpengine.netdna-ssl.com/wp-content/uploads/2016/07/magnified1-1297389442-351x185.jpg,"Earthy, Skunk",77,32
Master Kush,Indica,Unknown,Relaxed,"ADD, ADHD, Anxiety, Appetite, Arthritis, Nausea, PTSD",https://www.marijuana.com/strains/master-kush/,https://3x5avq3qvxq63ruylvcz1y12-wpengine.netdna-ssl.com/wp-content/uploads/2014/05/1346201799331open_uri20110716_19794_vibf40_jpg_leader-351x185.jpg,"Earthy, Sweet",94,81
Maui Wowie,Sativa,Unknown,"Creative, Motivated, Sociable","ADHD, Back Pain, Psychosis",https://www.marijuana.com/strains/maui-wowie/,https://3x5avq3qvxq63ruylvcz1y12-wpengine.netdna-ssl.com/wp-content/uploads/2014/04/maui-wowie-351x185.jpg,"Lime, Earthy, Citrus",54,38
Mean Green,Hybrid,Unknown,"Aroused, Euphoric, Hungry","Diabetic Neuropathy, Headaches, Insomnia",https://www.marijuana.com/strains/mean-green/,https://3x5avq3qvxq63ruylvcz1y12-wpengine.netdna-ssl.com/wp-content/uploads/2014/05/mean-green-351x185.jpg,"Berry, Grape, Sweet",34,44
Medicine Man,Hybrid,Unknown,"Euphoric, Happy, Relaxed","Multiple Sclerosis, Psychosis, PTSD",https://www.marijuana.com/strains/medicine-man/,https://3x5avq3qvxq63ruylvcz1y12-wpengine.netdna-ssl.com/wp-content/uploads/2014/05/medicine-man-351x185.jpg,"Pine, Earthy",31,30
Mendo Purps,Hybrid,California,"Alert, Aroused, Euphoric, Giggly, Sociable","Anxiety, Epilepsy, Fibromyalgia, Glaucoma, Hepatitis, Neck Pain, Psychosis, PTSD",https://www.marijuana.com/strains/mendo-purps/,https://3x5avq3qvxq63ruylvcz1y12-wpengine.netdna-ssl.com/wp-content/uploads/2016/08/Screen-Shot-2015-10-14-at-8.50.11-AM-351x185.png,"Earthy, Sweet",61,27
MK Ultra,Indica,Unknown,"Lazy, Relaxed, Sleepy","Arthritis, Back Pain, Headaches, Insomnia, Migraines, Muscle Spasms, Neck Pain",https://www.marijuana.com/strains/mk-ultra/,https://3x5avq3qvxq63ruylvcz1y12-wpengine.netdna-ssl.com/wp-content/uploads/2014/05/1346201130324MK_Ultra_jpg_leader-351x185.jpg,"Earthy, Citrus",73,77
Mr. Nice,Indica,Unknown,"Attentive, Happy, Relaxed, Sociable","Arthritis, Back Pain, Headaches, Migraines, Muscle Spasms, Neck Pain",https://www.marijuana.com/strains/mr-nice/,https://3x5avq3qvxq63ruylvcz1y12-wpengine.netdna-ssl.com/wp-content/uploads/2014/05/1346200725026open_uri20110720_30543_93gne7_jpg_leader-351x185.jpg,"Pepper, Sweet, Honey",14,63
Nebula,Hybrid,Unknown,"Attentive, Euphoric","ADD, ADHD, Anxiety, Arthritis",https://www.marijuana.com/strains/nebula/,https://3x5avq3qvxq63ruylvcz1y12-wpengine.netdna-ssl.com/wp-content/uploads/2014/05/1346273583684open_uri20110831_13343_vkmv64_jpg_leader-351x185.jpg,"Sweet, Berry",96,39
New Freezeland Orange,Hybrid,Washington State,"Happy, Hungry, Relaxed, Sociable","Insomnia, Nausea",https://www.marijuana.com/strains/new-freezeland-orange/,https://3x5avq3qvxq63ruylvcz1y12-wpengine.netdna-ssl.com/wp-content/uploads/2014/06/8217877_11-best-marijuana-strains-of-april_tc9413190-1-351x185.jpg,"Citrus, Sweet",65,40
Northern Lights,Indica,Unknown,"Lazy, Relaxed","Back Pain, Migraines, Neck Pain",https://www.marijuana.com/strains/northern-lights/,https://3x5avq3qvxq63ruylvcz1y12-wpengine.netdna-ssl.com/wp-content/uploads/2014/05/1346200388800NORTHERN_LIGHTS_STRAIN_REVIEW_LINK_THCFINDER_jpg_leader-351x185.jpg,"Sweet, Blueberry",6,12
NYC Diesel,Hybrid,Unknown,"Alert, Creative, Energetic, Happy, Lazy, Relaxed","Anxiety, Nausea",https://www.marijuana.com/strains/nyc-diesel/,https://3x5avq3qvxq63ruylvcz1y12-wpengine.netdna-ssl.com/wp-content/uploads/2014/04/1346190251908ny_sour_diesell_jpg_leader-351x185.jpg,"Skunk, Earthy",51,1
OG Bubba Kush,Indica,Unknown,"Lazy, Relaxed, Sleepy","Anxiety, Insomnia",https://www.marijuana.com/strains/og-bubba-kush/,https://3x5avq3qvxq63ruylvcz1y12-wpengine.netdna-ssl.com/wp-content/uploads/2014/05/1346273690234IMG_0849_JPG_leader-351x185.jpg,Ammonia,3,50
OG Kush,Hybrid,Unknown,"Creative, Happy, Hungry, Inspired, Relaxed","ADD, ADHD, Appetite, Back Pain, Depression, Epilepsy, Headaches, Migraines, Neck Pain",https://www.marijuana.com/strains/og-kush/,https://3x5avq3qvxq63ruylvcz1y12-wpengine.netdna-ssl.com/wp-content/uploads/2014/05/ogkush_4436-351x185.jpg,"Citrus, Sweet",28,2
OGKushBreath Girl Scout Cookies,Hybrid,California,"Euphoric, Lazy, Relaxed","Fibromyalgia, Insomnia",https://www.marijuana.com/strains/ogkushbreath-girl-scout-cookies/,https://3x5avq3qvxq63ruylvcz1y12-wpengine.netdna-ssl.com/wp-content/uploads/2014/06/OGKB-Cookie-Company-600x337-351x185.jpg,"Citrus, Orange, Sweet",99,96
Ogre,Indica,Unknown,"Lazy, Relaxed, Sleepy",Insomnia,https://www.marijuana.com/strains/ogre/,https://3x5avq3qvxq63ruylvcz1y12-wpengine.netdna-ssl.com/wp-content/uploads/2014/05/1346273845875open_uri20110719_30554_1x22zxt_jpg_leader-351x185.jpg,"Sweet, Pine",86,31
Ogre Kush,Indica,Unknown,"Anxious, Aroused, Inspired","ADD, Arthritis, Psychosis",https://www.marijuana.com/strains/ogre-kush/,https://3x5avq3qvxq63ruylvcz1y12-wpengine.netdna-ssl.com/wp-content/uploads/2014/04/ogre-kush-351x185.jpg,"Berry, Grape, Lavender",30,87
Orange Crush,Sativa,Unknown,"Giggly, Sociable","ADD, Asthma, Crohn's Disease",https://www.marijuana.com/strains/orange-crush/,https://3x5avq3qvxq63ruylvcz1y12-wpengine.netdna-ssl.com/wp-content/uploads/2014/04/orange-crush-351x185.jpg,"Sweet, Berry",46,65
Orange Kush,Hybrid,Unknown,"Lazy, Relaxed, Sleepy","Anxiety, Insomnia",https://www.marijuana.com/strains/orange-kush/,https://3x5avq3qvxq63ruylvcz1y12-wpengine.netdna-ssl.com/wp-content/uploads/2014/05/1346273939690open_uri20110823_31806_fbuvhv_jpg_leader-351x185.jpg,"Earthy, Sweet",29,2
Oregon Kid Blackberry Kush,Indica,Oregon,"Euphoric, Sleepy, Solitary",Insomnia,https://www.marijuana.com/strains/oregon-kid-blackberry-kush/,https://3x5avq3qvxq63ruylvcz1y12-wpengine.netdna-ssl.com/wp-content/uploads/2014/06/black-berry-kush-351x185.jpg,"Earthy, Pine",20,53
Permafrost,Hybrid,Unknown,"Attentive, Energetic, Happy, Relaxed","ADHD, Back Pain, Depression, Headaches, Nausea, Neck Pain, PTSD, RLS",https://www.marijuana.com/strains/permafrost/,https://3x5avq3qvxq63ruylvcz1y12-wpengine.netdna-ssl.com/wp-content/uploads/2014/05/permafrost-white--351x185.jpg,"Earthy, Berry",96,54
Phantom Cookies,Hybrid,United States,"Hungry, Lazy, Relaxed, Sleepy","Anxiety, Appetite, Arthritis, Back Pain, Fibromyalgia, Migraines, Nausea, PTSD",https://www.marijuana.com/strains/phantom-cookies/,https://3x5avq3qvxq63ruylvcz1y12-wpengine.netdna-ssl.com/wp-content/uploads/2014/06/PhantomCookies-351x185.jpg,"Berry, Sweet",41,89
Phishhead Kush,Hybrid,Colorado ,"Hungry, Lazy, Relaxed, Sleepy","Anxiety, Headaches, Muscle Spasms, Psychosis",https://www.marijuana.com/strains/phishhead-kush/,https://3x5avq3qvxq63ruylvcz1y12-wpengine.netdna-ssl.com/wp-content/uploads/2014/06/phishhead-kush-351x185.jpg,"Coffee, Pine",87,94
Pineapple,Sativa,Unknown,"Alert, Attentive, Creative, Energetic, Euphoric, Happy, Lazy","ADD, ADHD, Anxiety, Depression",https://www.marijuana.com/strains/pineapple/,https://3x5avq3qvxq63ruylvcz1y12-wpengine.netdna-ssl.com/wp-content/uploads/2014/05/1346274441388open_uri20110719_30532_3jwqey_jpg_leader-351x185.jpg,"Berry, Grape, Sweet",28,54
Pineapple Express,Sativa,"Hawaii, U.S.","Alert, Attentive, Creative, Energetic, Motivated","Anxiety, Arthritis, Asthma, Back Pain, Fibromyalgia, Headaches, Migraines, Muscle Spasms, Multiple Sclerosis, Neck Pain",https://www.marijuana.com/strains/pineapple-express/,https://3x5avq3qvxq63ruylvcz1y12-wpengine.netdna-ssl.com/wp-content/uploads/2014/05/thenug-m4HMYsbo0i-351x185.jpg,"Sweet, Earthy",56,65
Pineapple Skunk,Hybrid,Northern California,"Alert, Aroused, Creative, Energetic, Sociable","ADHD, Back Pain, Depression, Fibromyalgia, Glaucoma, Muscle Spasms, Multiple Sclerosis, Neck Pain, PTSD",https://www.marijuana.com/strains/pineapple-skunk/,https://3x5avq3qvxq63ruylvcz1y12-wpengine.netdna-ssl.com/wp-content/uploads/2016/08/071116F_30094_pineapple-1-351x185.jpg,"Grape, Sweet, Berry",12,97
Platinum Kush,Indica,Unknown,"Aroused, Euphoric, Happy, Hungry, Inspired, Relaxed, Sleepy","ADHD, Anxiety, Arthritis, Insomnia, Migraines",https://www.marijuana.com/strains/platinum-kush/,https://3x5avq3qvxq63ruylvcz1y12-wpengine.netdna-ssl.com/wp-content/uploads/2014/05/1346187885190open_uri20110722_4719_y88n5b_jpg_leader1-351x185.jpg,"Grape, Sweet, Berry",74,54
Platinum OG,Hybrid,Unknown,"Attentive, Inspired, Sleepy","Back Pain, Fibromyalgia, Nausea",https://www.marijuana.com/strains/platinum-og/,https://3x5avq3qvxq63ruylvcz1y12-wpengine.netdna-ssl.com/wp-content/uploads/2014/04/platinum-OG-351x185.jpg,Citrus,83,52
Plum,Hybrid,Unknown,"Happy, Motivated, Sociable","Crohn's Disease, Migraines, RLS",https://www.marijuana.com/strains/plum/,https://3x5avq3qvxq63ruylvcz1y12-wpengine.netdna-ssl.com/wp-content/uploads/2014/05/plum-351x185.jpg,"Grape, Sweet",91,55
Plushberry,Indica,"Pacific Northwest, U.S.","Aroused, Creative, Energetic, Euphoric, Motivated","ADHD, Anxiety, Appetite, Back Pain, Depression, Nausea, Neck Pain, Seizures",https://www.marijuana.com/strains/plushberry/,https://3x5avq3qvxq63ruylvcz1y12-wpengine.netdna-ssl.com/wp-content/uploads/2016/07/Screen-Shot-2014-09-15-at-7.05.52-AM-351x185.png,"Skunk, Earthy, Grape",80,96
Pot of Gold,Indica,Unknown,"Lazy, Relaxed, Sleepy",Insomnia,https://www.marijuana.com/strains/pot-of-gold/,https://3x5avq3qvxq63ruylvcz1y12-wpengine.netdna-ssl.com/wp-content/uploads/2014/05/1346274843117open_uri20110829_21681_88g7ed_jpg_leader-351x185.jpg,Pineapple,20,19
Power Plant,Sativa,South Africa,"Aroused, Attentive, Energetic, Happy, Relaxed, Sociable","ADD, ADHD, Anxiety, Headaches, Muscle Spasms, Seizures",https://www.marijuana.com/strains/power-plant/,https://3x5avq3qvxq63ruylvcz1y12-wpengine.netdna-ssl.com/wp-content/uploads/2014/05/dinafem_power_kush-351x185.jpg,"Lemon, Citrus",70,39
Presidential OG,Hybrid,United States,"Giggly, Happy, Hungry, Relaxed, Sleepy, Sociable","ADD, Appetite, Back Pain, Depression, Migraines, PTSD",https://www.marijuana.com/strains/presidential-og/,https://3x5avq3qvxq63ruylvcz1y12-wpengine.netdna-ssl.com/wp-content/uploads/2014/06/Presidential-351x185.jpg,"Sweet, Citrus, Rose",4,25
Private Reserve,Indica,California,"Lazy, Sleepy, Solitary","Headaches, Nausea",https://www.marijuana.com/strains/private-reserve/,https://3x5avq3qvxq63ruylvcz1y12-wpengine.netdna-ssl.com/wp-content/uploads/2014/05/124073_dry_1-351x185.jpg,"Earthy, Citrus",82,97
Pure Kush,Indica,Unknown,"Alert, Attentive, Happy","Arthritis, Back Pain, Headaches, Migraines, Muscle Spasms, Neck Pain",https://www.marijuana.com/strains/pure-kush/,https://3x5avq3qvxq63ruylvcz1y12-wpengine.netdna-ssl.com/wp-content/uploads/2014/05/1346187677796open_uri20110827_21693_14hekzs_jpg_leader-351x185.jpg,"Sweet, Earthy",78,13
Purple Diesel,Hybrid,Unknown,"Alert, Aroused, Creative, Euphoric, Relaxed","Anxiety, Back Pain, Depression, Headaches, Migraines, Muscle Spasms, Neck Pain",https://www.marijuana.com/strains/purple-diesel/,https://3x5avq3qvxq63ruylvcz1y12-wpengine.netdna-ssl.com/wp-content/uploads/2014/05/1346187298837open_uri20110822_31768_lpipb5_jpg_leader-351x185.jpg,Pine,85,98
Purple Haze,Sativa,Unknown,"Alert, Attentive, Creative, Euphoric, Lazy, Motivated","Anxiety, Muscle Spasms",https://www.marijuana.com/strains/purple-haze/,https://3x5avq3qvxq63ruylvcz1y12-wpengine.netdna-ssl.com/wp-content/uploads/2014/05/1346200880832purple_haze_01_jpg_leader-351x185.jpg,"Sweet, Citrus",91,97
Purple Kush,Indica,Unknown,"Attentive, Happy, Inspired, Lazy, Sleepy","ADHD, Epilepsy, Insomnia",https://www.marijuana.com/strains/purple-kush/,https://3x5avq3qvxq63ruylvcz1y12-wpengine.netdna-ssl.com/wp-content/uploads/2014/05/1346181281623open_uri20110716_19794_xz790e_jpeg_leader-351x185.jpeg,"Sweet, Earthy",87,69
Purple Nepal,Indica,Unknown,"Lazy, Relaxed, Sleepy","Depression, IBS, Neck Pain",https://www.marijuana.com/strains/purple-nepal/,https://3x5avq3qvxq63ruylvcz1y12-wpengine.netdna-ssl.com/wp-content/uploads/2014/05/purple-nepal-351x185.jpeg,"Berry, Earthy",42,23
Purple Trainwreck,Hybrid,Unknown,"Creative, Euphoric, Sociable","Depression, Diabetic Neuropathy, Glaucoma",https://www.marijuana.com/strains/purple-trainwreck/,https://3x5avq3qvxq63ruylvcz1y12-wpengine.netdna-ssl.com/wp-content/uploads/2014/04/purple-trainwreck-351x185.jpg,"Sweet, Earthy",25,35
Purple Urkle,Hybrid,Unknown,"Lazy, Relaxed, Sleepy","Arthritis, Back Pain, Headaches, Insomnia, Migraines, Muscle Spasms, Neck Pain",https://www.marijuana.com/strains/purple-urkle/,https://3x5avq3qvxq63ruylvcz1y12-wpengine.netdna-ssl.com/wp-content/uploads/2014/05/1346186356099Purple_Urkle_2_jpeg_leader-351x185.jpeg,"Earthy, Sweet",82,29
Purple Voodoo,Hybrid,Unknown,"Alert, Energetic, Inspired","ADHD, Anxiety, HIV",https://www.marijuana.com/strains/purple-voodoo/,https://3x5avq3qvxq63ruylvcz1y12-wpengine.netdna-ssl.com/wp-content/uploads/2014/05/purple-voodoo-351x185.jpg,Berry,21,94
Querkle,Hybrid,Unknown,"Euphoric, Happy, Relaxed","Anxiety, Fibromyalgia, PTSD",https://www.marijuana.com/strains/querkle/,https://3x5avq3qvxq63ruylvcz1y12-wpengine.netdna-ssl.com/wp-content/uploads/2014/05/1346192362054open_uri20110723_4701_kgqscc_jpg_leader-351x185.jpg,"Berry, Earthy",89,51
Red Diesel,Hybrid,Unknown,"Anxious, Aroused, Inspired","ADD, Back Pain, Psychosis",https://www.marijuana.com/strains/red-diesel/,https://3x5avq3qvxq63ruylvcz1y12-wpengine.netdna-ssl.com/wp-content/uploads/2014/04/red-diesel-351x185.jpg,Earthy,91,43
Red Dragon,Hybrid,Unknown,"Alert, Anxious, Inspired","Migraines, Multiple Sclerosis, PTSD",https://www.marijuana.com/strains/red-dragon/,https://3x5avq3qvxq63ruylvcz1y12-wpengine.netdna-ssl.com/wp-content/uploads/2014/04/red-dragon-351x185.jpg,Earthy,64,90
Red Stem Afghani,Indica,Pakistan,"Relaxed, Sleepy","Anxiety, Appetite, Back Pain",https://www.marijuana.com/strains/red-stem-afghani/,https://3x5avq3qvxq63ruylvcz1y12-wpengine.netdna-ssl.com/wp-content/uploads/2014/06/afghani_3985-351x185.jpg,"Sweet, Earthy, Skunk",70,86
Romulan,Indica,Canada,"Lazy, Relaxed, Sleepy","Anxiety, Depression, Migraines",https://www.marijuana.com/strains/romulan/,https://3x5avq3qvxq63ruylvcz1y12-wpengine.netdna-ssl.com/wp-content/uploads/2014/05/Romulan_marijuana_string_review_II-351x185.jpg,"Berry, Sweet",35,74
Royal Kush,Indica,Unknown,"Alert, Euphoric, Hungry","Anxiety, Insomnia, RLS",https://www.marijuana.com/strains/royal-kush/,https://3x5avq3qvxq63ruylvcz1y12-wpengine.netdna-ssl.com/wp-content/uploads/2014/04/royal-kush-351x185.jpg,"Sweet, Citrus",28,85
Sage,Hybrid,Unknown,"Anxious, Attentive, Creative, Energetic, Euphoric, Happy, Relaxed","Anxiety, Fibromyalgia, HIV, Migraines",https://www.marijuana.com/strains/sage/,https://3x5avq3qvxq63ruylvcz1y12-wpengine.netdna-ssl.com/wp-content/uploads/2014/05/1346274694502open_uri20110719_30559_1m6o8w7_jpg_leader-351x185.jpg,"Citrus, Sweet",97,20
Sensi Star,Indica,Unknown,"Anxious, Lazy, Relaxed, Sleepy, Solitary","Arthritis, Back Pain, Headaches, Migraines, Neck Pain",https://www.marijuana.com/strains/sensi-star/,https://3x5avq3qvxq63ruylvcz1y12-wpengine.netdna-ssl.com/wp-content/uploads/2014/04/1346179881168Professional_Patient_Co_op___Sensi_Star_jpeg_leader-351x185.jpeg,Sweet,16,12
SFV OG Kush,Hybrid,Unknown,"Lazy, Solitary","Arthritis, Multiple Sclerosis, Neck Pain",https://www.marijuana.com/strains/sfv-og-kush/,https://3x5avq3qvxq63ruylvcz1y12-wpengine.netdna-ssl.com/wp-content/uploads/2014/04/sfv-OG-351x185.jpg,"Earthy, Sweet",15,36
Sharks Breath,Indica,Canada,"Hungry, Relaxed, Sleepy","Anxiety, Back Pain, Glaucoma, Headaches, Insomnia, Muscle Spasms, Neck Pain",https://www.marijuana.com/strains/sharks-breath/,https://3x5avq3qvxq63ruylvcz1y12-wpengine.netdna-ssl.com/wp-content/uploads/2016/07/sharks-351x185.jpg,"Berry, Sweet, Blueberry",30,95
Shiva,Sativa,Unknown,"Attentive, Sociable","ADHD, Depression, Insomnia",https://www.marijuana.com/strains/shiva/,https://3x5avq3qvxq63ruylvcz1y12-wpengine.netdna-ssl.com/wp-content/uploads/2014/05/shiva-351x185.jpg,Earthy,90,52
Shiva Skunk,Hybrid,Amsterdam,"Aroused, Creative, Energetic, Euphoric, Inspired, Solitary","ADHD, Appetite, Depression",https://www.marijuana.com/strains/shiva-skunk/,https://3x5avq3qvxq63ruylvcz1y12-wpengine.netdna-ssl.com/wp-content/uploads/2014/06/shivaskunk-351x185.jpg,"Earthy, Sweet",51,12
Silver Haze,Hybrid,Unknown,"Alert, Attentive, Creative, Energetic, Inspired, Sociable","ADD, ADHD, Anxiety, Arthritis, Epilepsy, Migraines",https://www.marijuana.com/strains/silver-haze/,https://3x5avq3qvxq63ruylvcz1y12-wpengine.netdna-ssl.com/wp-content/uploads/2014/05/1346274103641Silver_Haze_Closeup_jpg_leader-351x185.jpg,"Skunk, Earthy, Sweet",10,38
Silver Sufer,Hybrid,Unknown,"Motivated, Sociable, Solitary","Crohn's Disease, Epilepsy, Neck Pain",https://www.marijuana.com/strains/silver-sufer/,https://3x5avq3qvxq63ruylvcz1y12-wpengine.netdna-ssl.com/wp-content/uploads/2014/05/silfer-surfer-351x185.jpg,"Pine, Pineapple, Earthy",40,56
Skunk,Sativa,Unknown,"Anxious, Giggly, Solitary","ADHD, Glaucoma, Nausea",https://www.marijuana.com/strains/skunk/,https://3x5avq3qvxq63ruylvcz1y12-wpengine.netdna-ssl.com/wp-content/uploads/2014/04/skunk-351x185.jpg,"Earthy, Citrus",5,65
Skunkberry,Hybrid,Unknown,"Happy, Inspired, Motivated","Hepatitis, Seizures",https://www.marijuana.com/strains/skunkberry/,https://3x5avq3qvxq63ruylvcz1y12-wpengine.netdna-ssl.com/wp-content/uploads/2014/05/skunkberry-351x185.jpg,"Sweet, Skunk",73,92
Skywalker,Hybrid,Unknown,"Alert, Anxious, Creative","ADD, Anxiety, Back Pain",https://www.marijuana.com/strains/skywalker/,https://3x5avq3qvxq63ruylvcz1y12-wpengine.netdna-ssl.com/wp-content/uploads/2014/04/skywalker-351x185.jpg,"Sweet, Citrus",4,11
Skywalker OG,Indica,Unknown,"Lazy, Relaxed, Sleepy","Arthritis, Back Pain, Headaches, Insomnia, Muscle Spasms, Neck Pain",https://www.marijuana.com/strains/skywalker-og/,https://3x5avq3qvxq63ruylvcz1y12-wpengine.netdna-ssl.com/wp-content/uploads/2014/05/1346180317385Skywalker_OGG_jpeg_leader-351x185.jpeg,"Earthy, Pine",8,53
Snow Cap Strain,Sativa,"California, U.S.","Alert, Attentive, Creative, Energetic, Euphoric, Inspired, Sociable","Anxiety, Appetite, Back Pain, Epilepsy, Headaches, Migraines, Muscle Spasms, Neck Pain, PTSD",https://www.marijuana.com/strains/snow-cap-strain/,https://3x5avq3qvxq63ruylvcz1y12-wpengine.netdna-ssl.com/wp-content/uploads/2014/05/Screen-Shot-2015-12-24-at-6.40.53-AM-351x185.png,"Citrus, Sweet",75,43
Sour Apple,Sativa,California,"Alert, Attentive, Creative, Euphoric, Giggly, Sociable","ADHD, Anxiety, Asthma, Back Pain, Epilepsy, Fibromyalgia, Migraines, Muscle Spasms, Multiple Sclerosis, Seizures",https://www.marijuana.com/strains/sour-apple/,https://3x5avq3qvxq63ruylvcz1y12-wpengine.netdna-ssl.com/wp-content/uploads/2016/08/nyc-diesel-1-351x185.jpg,"Lemon, Citrus, Earthy",74,46
Sour Bubble,Hybrid,Unknown,"Relaxed, Sleepy","Arthritis, Back Pain, Headaches, Insomnia, Migraines, Muscle Spasms, Neck Pain",https://www.marijuana.com/strains/sour-bubble/,https://3x5avq3qvxq63ruylvcz1y12-wpengine.netdna-ssl.com/wp-content/uploads/2014/05/1346272293875open_uri20110723_28216_3kfgul_jpg_leader-351x185.jpg,Citrus,54,95
Sour Cheese,Hybrid,Unknown,"Euphoric, Hungry","ADD, Hepatitis, Muscle Spasms",https://www.marijuana.com/strains/sour-cheese/,https://3x5avq3qvxq63ruylvcz1y12-wpengine.netdna-ssl.com/wp-content/uploads/2014/05/sour-cheese-351x185.jpg,"Earthy, Skunk",96,27
Sour Diesel,Sativa,Unknown,"Creative, Giggly, Happy, Motivated, Relaxed","Anxiety, Arthritis, Back Pain, Depression, Insomnia",https://www.marijuana.com/strains/sour-diesel/,https://3x5avq3qvxq63ruylvcz1y12-wpengine.netdna-ssl.com/wp-content/uploads/2014/05/1346127664851open_uri20110719_30532_nhr327_jpeg_leader-351x185.jpeg,"Earthy, Lime",63,43
Sour Grape,Indica,Unknown,"Aroused, Sociable, Solitary","ADD, Depression, Headaches, Insomnia",https://www.marijuana.com/strains/sour-grape/,https://3x5avq3qvxq63ruylvcz1y12-wpengine.netdna-ssl.com/wp-content/uploads/2014/04/sour-grape-lush-351x185.jpg,"Earthy, Lime",12,97
Sour Kush,Hybrid,Unknown,"Alert, Anxious, Creative","ADD, Anxiety, Back Pain",https://www.marijuana.com/strains/sour-kush/,https://3x5avq3qvxq63ruylvcz1y12-wpengine.netdna-ssl.com/wp-content/uploads/2014/04/sour-kush-351x185.jpg,"Earthy, Sweet",22,98
Sour Mango,Hybrid,Unknown,"Energetic, Hungry, Sleepy","Cachexia, Multiple Sclerosis, RLS",https://www.marijuana.com/strains/sour-mango/,https://3x5avq3qvxq63ruylvcz1y12-wpengine.netdna-ssl.com/wp-content/uploads/2014/05/sourmango-351x185.jpg,"Earthy, Citrus, Lemon",33,98
Sour OG,Hybrid,Unknown,"Attentive, Creative, Energetic","ADD, Anxiety, Neck Pain",https://www.marijuana.com/strains/sour-og/,https://3x5avq3qvxq63ruylvcz1y12-wpengine.netdna-ssl.com/wp-content/uploads/2014/04/sour-og-351x185.jpg,"Pine, Citrus",59,36
Space Bomb,Hybrid,Unknown,"Energetic, Happy, Hungry","Hepatitis, Insomnia, Muscle Spasms",https://www.marijuana.com/strains/space-bomb/,https://3x5avq3qvxq63ruylvcz1y12-wpengine.netdna-ssl.com/wp-content/uploads/2014/05/space-bomb-351x185.jpg,"Earthy, Pine",55,74
Space Queen,Hybrid,Unknown,"Alert, Attentive, Creative, Energetic, Inspired","ADD, Anxiety, Depression, Migraines",https://www.marijuana.com/strains/space-queen/,https://3x5avq3qvxq63ruylvcz1y12-wpengine.netdna-ssl.com/wp-content/uploads/2014/05/1346180624343open_uri20110724_4690_11sxkbf_jpeg_leader-351x185.jpeg,"Sweet, Orange",89,56
Strawberry Cough,Indica,Unknown,"Attentive, Creative, Relaxed, Sociable","ADHD, Anxiety, Back Pain, Depression, Neck Pain",https://www.marijuana.com/strains/strawberry-cough/,https://3x5avq3qvxq63ruylvcz1y12-wpengine.netdna-ssl.com/wp-content/uploads/2014/05/1346122158333strawberry_cough_final_jpeg_leader-351x185.jpeg,"Sweet, Orange",64,3
Strawberry Diesel,Indica,United States,"Creative, Energetic, Euphoric, Sociable","Anxiety, Depression",https://www.marijuana.com/strains/strawberry-diesel-2/,https://3x5avq3qvxq63ruylvcz1y12-wpengine.netdna-ssl.com/wp-content/uploads/2014/06/stawberry_diesel-351x185.jpg,"Earthy, Sweet, Citrus",1,10
Strawberry Haze,Sativa,Netherlands,"Alert, Attentive, Happy, Inspired","Back Pain, Depression, Headaches, Multiple Sclerosis, Neck Pain",https://www.marijuana.com/strains/strawberry-haze/,https://3x5avq3qvxq63ruylvcz1y12-wpengine.netdna-ssl.com/wp-content/uploads/2016/07/strawberry-2-351x185.jpg,"Mango, Sweet, Orange",30,40
Strawberry Ice,Hybrid,Unknown,"Giggly, Hungry, Sociable","Crohn's Disease, Fibromyalgia, Insomnia",https://www.marijuana.com/strains/strawberry-ice/,https://3x5avq3qvxq63ruylvcz1y12-wpengine.netdna-ssl.com/wp-content/uploads/2014/05/strawberryice2-351x185.jpg,Sweet,24,23
Strawberry Kush,Indica,Unknown,"Giggly, Inspired, Sleepy","ADD, Asthma, PTSD",https://www.marijuana.com/strains/strawberry-kush/,https://3x5avq3qvxq63ruylvcz1y12-wpengine.netdna-ssl.com/wp-content/uploads/2014/04/strawberry-omg-kush-351x185.jpg,Citrus,29,84
Sugar Kush,Hybrid,Unknown,"Attentive, Lazy, Sociable","Arthritis, Migraines, Muscle Spasms",https://www.marijuana.com/strains/sugar-kush/,https://3x5avq3qvxq63ruylvcz1y12-wpengine.netdna-ssl.com/wp-content/uploads/2014/05/sugar-kush-351x185.jpg,Earthy,13,11
Super Glue,Indica,California,"Attentive, Creative, Giggly, Relaxed, Sociable","ADD, Appetite, Arthritis, Asthma, Crohn's Disease, Diabetic Neuropathy, Fibromyalgia, Hepatitis, IBS, Multiple Sclerosis, Psychosis, PTSD",https://www.marijuana.com/strains/super-glue/,https://3x5avq3qvxq63ruylvcz1y12-wpengine.netdna-ssl.com/wp-content/uploads/2016/10/tko_gorilla_glue_4-351x185.jpg,Earthy,2,4
Super Jack,Sativa,Unknown,"Attentive, Creative, Euphoric","ADD, Diabetic Neuropathy, Multiple Sclerosis",https://www.marijuana.com/strains/super-jack-2/,https://3x5avq3qvxq63ruylvcz1y12-wpengine.netdna-ssl.com/wp-content/uploads/2014/05/super-jack-351x185.jpg,"Citrus, Earthy",2,29
Super Lemon Haze,Indica,Unknown,"Alert, Anxious",PTSD,https://www.marijuana.com/strains/super-lemon-haze/,https://3x5avq3qvxq63ruylvcz1y12-wpengine.netdna-ssl.com/wp-content/uploads/2014/04/super-lemon-haze-cover-351x185.jpeg,"Pine, Earthy, Sweet",53,35
Super Silver Haze,Indica,Unknown,"Attentive, Creative, Energetic, Euphoric, Inspired","Anxiety, Headaches, Migraines",https://www.marijuana.com/strains/super-silver-haze/,https://3x5avq3qvxq63ruylvcz1y12-wpengine.netdna-ssl.com/wp-content/uploads/2014/05/1346124807131open_uri20111029_6255_1c3trb6_jpeg_leader-351x185.jpeg,"Earthy, Pine, Sweet",53,49
Super Skunk,Hybrid,Unknown,"Energetic, Happy, Hungry","Appetite, Back Pain, Depression, Migraines, Muscle Spasms, Neck Pain",https://www.marijuana.com/strains/super-skunk/,https://3x5avq3qvxq63ruylvcz1y12-wpengine.netdna-ssl.com/wp-content/uploads/2014/05/1346270025947IMG_0182_JPG_leader-351x185.jpg,"Lavender, Sweet",62,45
Super Sour Diesel,Sativa,Amsterdam,"Attentive, Creative, Energetic, Euphoric, Giggly, Hungry, Relaxed","ADHD, Anxiety, Asthma, Back Pain, Depression, Fibromyalgia, Headaches, Muscle Spasms, Multiple Sclerosis, Nausea",https://www.marijuana.com/strains/super-sour-diesel/,https://3x5avq3qvxq63ruylvcz1y12-wpengine.netdna-ssl.com/wp-content/uploads/2014/04/sour-diesel-weed-sour-diesel-mmj-cannabis-sour-d-thcfinder-001-01099s-1-351x185.jpg,"Lime, Earthy",55,74
Sweet Berry,Hybrid,Unknown,"Hungry, Sleepy","Cachexia, Multiple Sclerosis, Nausea",https://www.marijuana.com/strains/sweet-berry/,https://3x5avq3qvxq63ruylvcz1y12-wpengine.netdna-ssl.com/wp-content/uploads/2014/05/sweetberry-351x185.jpg,Blueberry,63,48
Sweet Tooth,Indica,Unknown,"Happy, Hungry, Lazy, Sleepy","Arthritis, Back Pain, Headaches, Migraines, Muscle Spasms, Neck Pain",https://www.marijuana.com/strains/sweet-tooth/,https://3x5avq3qvxq63ruylvcz1y12-wpengine.netdna-ssl.com/wp-content/uploads/2014/05/1346125493956open_uri20110822_31815_5xjuzd_leader-351x185.jpg,"Lemon, Sweet",41,84
Tahoe Alien,Hybrid,Unknown,Hungry,Anxiety,https://www.marijuana.com/strains/tahoe-alien/,https://3x5avq3qvxq63ruylvcz1y12-wpengine.netdna-ssl.com/wp-content/uploads/2014/05/alienrockcandy-351x185.jpg,"Lemon, Citrus, Sweet",27,95
Tahoe OG,Indica,Unknown,"Relaxed, Sleepy, Solitary","Anxiety, Headaches, Nausea",https://www.marijuana.com/strains/tahoe-og/,https://3x5avq3qvxq63ruylvcz1y12-wpengine.netdna-ssl.com/wp-content/uploads/2014/04/tahoe-og-351x185.jpg,"Lemon, Citrus, Sweet",75,96
Tahoe OG Kush,Indica,Unknown,"Lazy, Relaxed, Sleepy","Crohn's Disease, Depression, Glaucoma",https://www.marijuana.com/strains/tahoe-og-kush/,https://3x5avq3qvxq63ruylvcz1y12-wpengine.netdna-ssl.com/wp-content/uploads/2014/05/tahoe-og1-351x185.jpg,"Lemon, Citrus, Sweet",16,33
Tangerine,Indica,Unknown,"Energetic, Happy, Lazy","ADHD, Cachexia, Nausea",https://www.marijuana.com/strains/tangerine/,https://3x5avq3qvxq63ruylvcz1y12-wpengine.netdna-ssl.com/wp-content/uploads/2014/04/tangie-351x185.jpg,"Lemon, Sweet",16,90
Tangerine Dream,Sativa,Unknown,"Alert, Creative, Energetic, Sociable","ADD, Cachexia, Muscle Spasms",https://www.marijuana.com/strains/tangerine-dream/,https://3x5avq3qvxq63ruylvcz1y12-wpengine.netdna-ssl.com/wp-content/uploads/2014/05/tangerine-dream-351x185.jpg,"Lime, Citrus, Lemon",87,54
THC Bomb,Hybrid,Unknown,"Energetic, Euphoric, Solitary","ADD, Glaucoma, Radiculopathy",https://www.marijuana.com/strains/thc-bomb/,https://3x5avq3qvxq63ruylvcz1y12-wpengine.netdna-ssl.com/wp-content/uploads/2014/05/violator-kush-351x185.jpeg,Earthy,88,79
The Purps,Hybrid,Unknown,"Attentive, Euphoric, Happy, Inspired, Relaxed","Anxiety, Appetite, Depression",https://www.marijuana.com/strains/the-purps/,https://3x5avq3qvxq63ruylvcz1y12-wpengine.netdna-ssl.com/wp-content/uploads/2014/05/1346125999040open_uri20110719_30543_1s0jp1f_jpeg_leader-351x185.jpeg,"Earthy, Citrus, Lime",23,96
Trainwreck,Sativa,Unknown,"Alert, Attentive, Euphoric, Giggly, Happy, Hungry, Motivated, Relaxed","Anxiety, Back Pain, Depression, Nausea, Neck Pain",https://www.marijuana.com/strains/trainwreck/,https://3x5avq3qvxq63ruylvcz1y12-wpengine.netdna-ssl.com/wp-content/uploads/2014/05/1346127781474TrainWreckl_jpeg_leader-351x185.jpeg,"Sweet, Honey",24,27
Trinity,Sativa,Unknown,"Anxious, Aroused, Hungry","Appetite, Fibromyalgia, Hepatitis",https://www.marijuana.com/strains/trinity/,https://3x5avq3qvxq63ruylvcz1y12-wpengine.netdna-ssl.com/wp-content/uploads/2014/04/trinity-351x185.jpg,"Earthy, Lemon",47,60
True OG,Indica,Unknown,"Aroused, Motivated, Sociable","Anxiety, Epilepsy, HIV",https://www.marijuana.com/strains/true-og/,https://3x5avq3qvxq63ruylvcz1y12-wpengine.netdna-ssl.com/wp-content/uploads/2014/04/TRUE-OG-351x185.jpg,"Citrus, Pine, Earthy",18,55
UK Cheese,Hybrid,Unknown,"Happy, Inspired, Motivated","Back Pain, Neck Pain",https://www.marijuana.com/strains/uk-cheese/,https://3x5avq3qvxq63ruylvcz1y12-wpengine.netdna-ssl.com/wp-content/uploads/2014/04/uk-cheese-351x185.jpg,"Mango, Sweet",94,98
Unknown,Hybrid,Unknown,Alert,ADD,https://www.marijuana.com/strains/unknown/,https://3x5avq3qvxq63ruylvcz1y12-wpengine.netdna-ssl.com/wp-content/uploads/2014/06/sour-og-351x185.jpg,"Mango, Sweet",35,66
Vanilla Kush,Hybrid,Unknown,"Energetic, Hungry, Motivated","Crohn's Disease, Glaucoma, Nausea",https://www.marijuana.com/strains/vanilla-kush/,https://3x5avq3qvxq63ruylvcz1y12-wpengine.netdna-ssl.com/wp-content/uploads/2014/05/vanilla-kush-351x185.jpeg,"Pine, Earthy",70,62
Violator Kush,Indica,Unknown,"Euphoric, Hungry, Relaxed","ADD, Back Pain, Glaucoma",https://www.marijuana.com/strains/violator-kush/,https://3x5avq3qvxq63ruylvcz1y12-wpengine.netdna-ssl.com/wp-content/uploads/2014/05/violator-kush-351x185.jpeg,Earthy,39,8
Vortex,Sativa,Unknown,"Alert, Creative, Energetic","Anxiety, Depression, Migraines",https://www.marijuana.com/strains/vortex/,https://3x5avq3qvxq63ruylvcz1y12-wpengine.netdna-ssl.com/wp-content/uploads/2014/04/1346267065970open_uri20111110_31937_1g75voa_jpg_leader-351x185.jpg,"Earthy, Citrus, Pine",27,48
White Berry,Hybrid,Unknown,"Anxious, Inspired, Motivated","ADD, Psychosis, RLS",https://www.marijuana.com/strains/white-berry/,https://3x5avq3qvxq63ruylvcz1y12-wpengine.netdna-ssl.com/wp-content/uploads/2014/04/white-berry-351x185.jpg,"Berry, Earthy, Sweet",90,20
White Fire OG,Sativa,California,"Alert, Attentive, Creative, Energetic, Inspired, Motivated","ADD, Asthma, Back Pain, Depression, Epilepsy, Muscle Spasms, Nausea",https://www.marijuana.com/strains/white-fire-og/,https://3x5avq3qvxq63ruylvcz1y12-wpengine.netdna-ssl.com/wp-content/uploads/2016/08/whitefire2-351x185.jpg,"Earthy, Sweet",51,29
White Lightning,Hybrid,Unknown,"Alert, Hungry, Sociable","Epilepsy, Insomnia, Seizures",https://www.marijuana.com/strains/white-lightning/,https://3x5avq3qvxq63ruylvcz1y12-wpengine.netdna-ssl.com/wp-content/uploads/2014/05/whitelightning-351x185.jpg,"Earthy, Pine",26,67
White Queen,Hybrid,Unknown,"Euphoric, Happy, Relaxed","Anxiety, Arthritis, Back Pain, Headaches, Migraines, Muscle Spasms, Neck Pain",https://www.marijuana.com/strains/white-queen/,https://3x5avq3qvxq63ruylvcz1y12-wpengine.netdna-ssl.com/wp-content/uploads/2014/05/1346266569295open_uri20110725_4713_161515o_jpg_leader-351x185.jpg,Earthy,64,98
White Rhino,Indica,Unknown,"Lazy, Relaxed, Sleepy, Solitary","Appetite, Back Pain, Headaches, Migraines, Nausea, Neck Pain",https://www.marijuana.com/strains/white-rhino/,https://3x5avq3qvxq63ruylvcz1y12-wpengine.netdna-ssl.com/wp-content/uploads/2014/05/1346119887912white_rhino_jpeg_leader-351x185.jpeg,Pine,64,74
White Russian,Hybrid,Unknown,"Alert, Euphoric","ADD, ADHD, Anxiety, Depression, Migraines",https://www.marijuana.com/strains/white-russian/,https://3x5avq3qvxq63ruylvcz1y12-wpengine.netdna-ssl.com/wp-content/uploads/2014/05/1346266382963479032_400513103321837_193898890649927_1192284_1393487090_o_jpg_leader-351x185.jpg,"Earthy, Sweet, Pine",93,81
White Siberian,Indica,Unknown,"Aroused, Creative, Motivated",Cachexia,https://www.marijuana.com/strains/white-siberian/,https://3x5avq3qvxq63ruylvcz1y12-wpengine.netdna-ssl.com/wp-content/uploads/2014/05/whie-siberian.jpg,"Sweet, Lavender",31,81
White Widow,Indica,Unknown,"Attentive, Creative, Energetic, Relaxed",Appetite,https://www.marijuana.com/strains/white-widow/,https://3x5avq3qvxq63ruylvcz1y12-wpengine.netdna-ssl.com/wp-content/uploads/2014/05/1346119360937White_Widow_IMG_9281_jpeg_leader-351x185.jpeg,"Earthy, Sweet",67,39
Willie Nelson,Hybrid,Unknown,"Euphoric, Giggly, Happy","Anxiety, Depression",https://www.marijuana.com/strains/willie-nelson/,https://3x5avq3qvxq63ruylvcz1y12-wpengine.netdna-ssl.com/wp-content/uploads/2014/05/1346266109536fname_jpg_leader-351x185.jpg,"Citrus, Earthy, Sweet",82,89
Willy&#8217;s Wonder,Hybrid,Unknown,"Euphoric, Motivated, Sociable","ADD, PTSD, RLS",https://www.marijuana.com/strains/willys-wonder/,https://3x5avq3qvxq63ruylvcz1y12-wpengine.netdna-ssl.com/wp-content/uploads/2014/05/willies-wonder2-351x185.jpg,"Earthy, Berry, Skunk",31,74
Wonder Woman,Hybrid,Amsterdam,"Lazy, Relaxed, Sleepy","Appetite, Depression, Epilepsy, Fibromyalgia, Glaucoma, Headaches, Muscle Spasms, Multiple Sclerosis, Nausea, Neck Pain",https://www.marijuana.com/strains/wonder-woman/,https://3x5avq3qvxq63ruylvcz1y12-wpengine.netdna-ssl.com/wp-content/uploads/2014/05/Screen-Shot-2015-11-25-at-10.10.57-AM-e1470166125191-351x185.png,"Earthy, Grape, Sweet",9,37
XJ-13,Hybrid,Unknown,"Anxious, Giggly, Sleepy","Diabetic Neuropathy, IBS, Psychosis",https://www.marijuana.com/strains/xj-13/,https://3x5avq3qvxq63ruylvcz1y12-wpengine.netdna-ssl.com/wp-content/uploads/2014/05/xj-13-351x185.jpg,Sweet,85,8
XXX OG,Hybrid,Unknown,"Euphoric, Relaxed, Solitary","ADHD, Multiple Sclerosis, PTSD",https://www.marijuana.com/strains/xxx-og/,https://3x5avq3qvxq63ruylvcz1y12-wpengine.netdna-ssl.com/wp-content/uploads/2014/04/XXX-OG-351x185.jpg,Sweet,50,96
Yabba Dabba Goo,Hybrid,California,"Energetic, Euphoric, Relaxed","Crohn's Disease, Depression, Muscle Spasms, Multiple Sclerosis",https://www.marijuana.com/strains/yabba-dabba-goo/,https://3x5avq3qvxq63ruylvcz1y12-wpengine.netdna-ssl.com/wp-content/uploads/2014/06/thenug-VkxJDAAamZ-351x185.jpg,"Sweet, Earthy",26,8
